Entity,Code,Year,"PM2.5 air pollution, mean annual exposure (micrograms per cubic meter) (micrograms per cubic meter)"
Afghanistan,AFG,1990,60.93404068
Afghanistan,AFG,1995,56.04007487
Afghanistan,AFG,2000,56.05448305
Afghanistan,AFG,2005,43.21094707
Afghanistan,AFG,2010,46.56779545
Afghanistan,AFG,2011,50.40091241
Afghanistan,AFG,2012,50.56149778
Afghanistan,AFG,2013,50.93477732
Afghanistan,AFG,2014,49.02676109
Afghanistan,AFG,2015,48.01676483
Albania,ALB,1990,17.79532722
Albania,ALB,1995,15.04932411
Albania,ALB,2000,14.29310003
Albania,ALB,2005,12.17598326
Albania,ALB,2010,15.32580588
Albania,ALB,2011,14.67280319
Albania,ALB,2012,14.511993
Albania,ALB,2013,15.64245935
Albania,ALB,2014,16.69960729
Albania,ALB,2015,17.93662454
Algeria,DZA,1990,34.0401609
Algeria,DZA,1995,33.49823718
Algeria,DZA,2000,32.34921606
Algeria,DZA,2005,28.49001271
Algeria,DZA,2010,26.74371557
Algeria,DZA,2011,27.50507143
Algeria,DZA,2012,28.26794675
Algeria,DZA,2013,31.10756086
Algeria,DZA,2014,33.09525
Algeria,DZA,2015,35.56453306
American Samoa,ASM,1990,4.350387136
American Samoa,ASM,1995,4.297509391
American Samoa,ASM,2000,4.322886886
American Samoa,ASM,2005,4.339080007
American Samoa,ASM,2010,3.410088967
American Samoa,ASM,2011,3.30293518
American Samoa,ASM,2012,3.379987778
American Samoa,ASM,2013,3.448989662
American Samoa,ASM,2014,3.638034547
American Samoa,ASM,2015,3.732035944
Andorra,AND,1990,11.32354259
Andorra,AND,1995,11.0575598
Andorra,AND,2000,10.81286722
Andorra,AND,2005,10.92749845
Andorra,AND,2010,10.88411327
Andorra,AND,2011,10.92136743
Andorra,AND,2012,10.91712823
Andorra,AND,2013,10.70556757
Andorra,AND,2014,10.38933824
Andorra,AND,2015,10.05993572
Angola,AGO,1990,36.70268637
Angola,AGO,1995,36.21139465
Angola,AGO,2000,39.64056265
Angola,AGO,2005,35.29216767
Angola,AGO,2010,30.84495901
Angola,AGO,2011,31.59438405
Angola,AGO,2012,33.62948538
Angola,AGO,2013,33.70874667
Angola,AGO,2014,35.12951271
Angola,AGO,2015,36.39542768
Antigua and Barbuda,ATG,1990,17.12693484
Antigua and Barbuda,ATG,1995,17.15889968
Antigua and Barbuda,ATG,2000,17.32235273
Antigua and Barbuda,ATG,2005,16.38137962
Antigua and Barbuda,ATG,2010,13.26361122
Antigua and Barbuda,ATG,2011,13.54079028
Antigua and Barbuda,ATG,2012,13.63414658
Antigua and Barbuda,ATG,2013,13.93344458
Antigua and Barbuda,ATG,2014,14.05720483
Antigua and Barbuda,ATG,2015,13.88760103
Arab World,,1990,53.1818198510091
Arab World,,1995,51.8425000451583
Arab World,,2000,52.8752179308685
Arab World,,2005,52.7973046931383
Arab World,,2010,63.8259019516816
Arab World,,2011,63.1917049961579
Arab World,,2012,63.8361129363153
Arab World,,2013,63.404926212429
Arab World,,2014,62.9779803879743
Arab World,,2015,63.1312404829296
Argentina,ARG,1990,15.99499122
Argentina,ARG,1995,16.16008267
Argentina,ARG,2000,15.66941992
Argentina,ARG,2005,14.91562346
Argentina,ARG,2010,14.27254307
Argentina,ARG,2011,14.12314793
Argentina,ARG,2012,14.15148439
Argentina,ARG,2013,13.62121025
Argentina,ARG,2014,13.67861608
Argentina,ARG,2015,13.44396548
Armenia,ARM,1990,20.62709363
Armenia,ARM,1995,17.17492566
Armenia,ARM,2000,18.54667114
Armenia,ARM,2005,20.96387232
Armenia,ARM,2010,25.90381947
Armenia,ARM,2011,25.74679593
Armenia,ARM,2012,24.28148614
Armenia,ARM,2013,24.79903114
Armenia,ARM,2014,25.08644703
Armenia,ARM,2015,25.50768535
Australia,AUS,1990,6.714342288
Australia,AUS,1995,6.742876093
Australia,AUS,2000,6.803757356
Australia,AUS,2005,6.607162641
Australia,AUS,2010,5.930373586
Australia,AUS,2011,5.884769656
Australia,AUS,2012,5.977630261
Australia,AUS,2013,6.029646627
Australia,AUS,2014,5.932051308
Australia,AUS,2015,5.897734951
Austria,AUT,1990,19.22461333
Austria,AUT,1995,16.58960843
Austria,AUT,2000,15.24514611
Austria,AUT,2005,15.29663318
Austria,AUT,2010,15.12092092
Austria,AUT,2011,14.94375206
Austria,AUT,2012,15.24677384
Austria,AUT,2013,15.91639969
Austria,AUT,2014,16.45924852
Austria,AUT,2015,17.01299421
Azerbaijan,AZE,1990,26.74588818
Azerbaijan,AZE,1995,22.95404184
Azerbaijan,AZE,2000,23.61646317
Azerbaijan,AZE,2005,21.11154765
Azerbaijan,AZE,2010,26.12385523
Azerbaijan,AZE,2011,25.19642763
Azerbaijan,AZE,2012,24.60949201
Azerbaijan,AZE,2013,26.32304126
Azerbaijan,AZE,2014,28.0060253
Azerbaijan,AZE,2015,30.3540129
Bahamas,BHS,1990,19.39942934
Bahamas,BHS,1995,18.54483632
Bahamas,BHS,2000,18.68255765
Bahamas,BHS,2005,17.47408637
Bahamas,BHS,2010,12.17654133
Bahamas,BHS,2011,12.68075711
Bahamas,BHS,2012,13.32897066
Bahamas,BHS,2013,13.93955059
Bahamas,BHS,2014,13.72387382
Bahamas,BHS,2015,13.71948341
Bahrain,BHR,1990,62.61905559
Bahrain,BHR,1995,61.53230764
Bahrain,BHR,2000,62.46652544
Bahrain,BHR,2005,52.606263
Bahrain,BHR,2010,66.4277585
Bahrain,BHR,2011,63.51717683
Bahrain,BHR,2012,67.28495944
Bahrain,BHR,2013,66.45263989
Bahrain,BHR,2014,60.33412401
Bahrain,BHR,2015,55.45435188
Bangladesh,BGD,1990,63.88565509
Bangladesh,BGD,1995,64.81821588
Bangladesh,BGD,2000,65.42196522
Bangladesh,BGD,2005,80.23563347
Bangladesh,BGD,2010,82.23194526
Bangladesh,BGD,2011,82.69560248
Bangladesh,BGD,2012,82.80494953
Bangladesh,BGD,2013,88.33041827
Bangladesh,BGD,2014,87.03455404
Bangladesh,BGD,2015,89.3929096
Barbados,BRB,1990,20.54212207
Barbados,BRB,1995,21.06005667
Barbados,BRB,2000,20.35814543
Barbados,BRB,2005,17.33199887
Barbados,BRB,2010,14.79991173
Barbados,BRB,2011,14.88835039
Barbados,BRB,2012,14.84804989
Barbados,BRB,2013,15.25636697
Barbados,BRB,2014,15.20732479
Barbados,BRB,2015,15.38938638
Belarus,BLR,1990,33.47840769
Belarus,BLR,1995,23.77368042
Belarus,BLR,2000,20.30815667
Belarus,BLR,2005,18.82530767
Belarus,BLR,2010,20.25431623
Belarus,BLR,2011,19.71399217
Belarus,BLR,2012,18.53081728
Belarus,BLR,2013,19.4702875
Belarus,BLR,2014,20.03426999
Belarus,BLR,2015,20.48379252
Belgium,BEL,1990,19.84629523
Belgium,BEL,1995,18.14446638
Belgium,BEL,2000,16.86849124
Belgium,BEL,2005,16.2806338
Belgium,BEL,2010,16.31701575
Belgium,BEL,2011,16.30640191
Belgium,BEL,2012,15.8994561
Belgium,BEL,2013,15.90389158
Belgium,BEL,2014,15.78042979
Belgium,BEL,2015,15.63662972
Belize,BLZ,1990,29.46923137
Belize,BLZ,1995,28.88043697
Belize,BLZ,2000,29.43093726
Belize,BLZ,2005,25.78443453
Belize,BLZ,2010,20.97331669
Belize,BLZ,2011,21.69663025
Belize,BLZ,2012,25.35152963
Belize,BLZ,2013,24.3096465
Belize,BLZ,2014,25.45071189
Belize,BLZ,2015,27.04048536
Benin,BEN,1990,61.63038497
Benin,BEN,1995,59.94093168
Benin,BEN,2000,59.00824259
Benin,BEN,2005,46.02261113
Benin,BEN,2010,42.70601546
Benin,BEN,2011,45.80124941
Benin,BEN,2012,45.33291833
Benin,BEN,2013,41.49184403
Benin,BEN,2014,38.37472292
Benin,BEN,2015,35.16237337
Bermuda,BMU,1990,11.89996111
Bermuda,BMU,1995,11.31984402
Bermuda,BMU,2000,11.18737813
Bermuda,BMU,2005,11.44620163
Bermuda,BMU,2010,9.312616101
Bermuda,BMU,2011,9.356703975
Bermuda,BMU,2012,9.362252941
Bermuda,BMU,2013,9.068642195
Bermuda,BMU,2014,8.865758137
Bermuda,BMU,2015,8.689651024
Bhutan,BTN,1990,40.42217398
Bhutan,BTN,1995,40.74391767
Bhutan,BTN,2000,41.0065705
Bhutan,BTN,2005,50.72600627
Bhutan,BTN,2010,50.00033869
Bhutan,BTN,2011,48.63370044
Bhutan,BTN,2012,49.86750313
Bhutan,BTN,2013,54.37093357
Bhutan,BTN,2014,54.13286886
Bhutan,BTN,2015,55.72363212
Bolivia,BOL,1990,27.86921095
Bolivia,BOL,1995,28.78971469
Bolivia,BOL,2000,30.21271633
Bolivia,BOL,2005,39.77895753
Bolivia,BOL,2010,28.5881597
Bolivia,BOL,2011,30.24425324
Bolivia,BOL,2012,26.95194066
Bolivia,BOL,2013,27.79062261
Bolivia,BOL,2014,28.35787923
Bolivia,BOL,2015,27.97140377
Bosnia and Herzegovina,BIH,1990,46.70438919
Bosnia and Herzegovina,BIH,1995,37.68888575
Bosnia and Herzegovina,BIH,2000,37.95347469
Bosnia and Herzegovina,BIH,2005,35.38662978
Bosnia and Herzegovina,BIH,2010,37.97995323
Bosnia and Herzegovina,BIH,2011,37.4453139
Bosnia and Herzegovina,BIH,2012,37.98313099
Bosnia and Herzegovina,BIH,2013,41.42943982
Bosnia and Herzegovina,BIH,2014,44.09811958
Bosnia and Herzegovina,BIH,2015,47.40090583
Botswana,BWA,1990,21.77544316
Botswana,BWA,1995,21.41166877
Botswana,BWA,2000,22.36437117
Botswana,BWA,2005,21.71438469
Botswana,BWA,2010,19.0399558
Botswana,BWA,2011,19.84321449
Botswana,BWA,2012,19.14675355
Botswana,BWA,2013,18.60238706
Botswana,BWA,2014,18.00413861
Botswana,BWA,2015,17.5393912
Brazil,BRA,1990,14.78134312
Brazil,BRA,1995,15.40530411
Brazil,BRA,2000,16.16227859
Brazil,BRA,2005,13.77506387
Brazil,BRA,2010,10.96493063
Brazil,BRA,2011,11.47776779
Brazil,BRA,2012,11.21118317
Brazil,BRA,2013,11.4422307
Brazil,BRA,2014,11.31754584
Brazil,BRA,2015,11.36829449
Brunei,BRN,1990,5.917200594
Brunei,BRN,1995,5.898266787
Brunei,BRN,2000,5.70835931
Brunei,BRN,2005,7.37241961
Brunei,BRN,2010,6.364018923
Brunei,BRN,2011,6.234890364
Brunei,BRN,2012,6.252435079
Brunei,BRN,2013,6.170406831
Brunei,BRN,2014,5.690909112
Brunei,BRN,2015,5.147459106
Bulgaria,BGR,1990,45.16007978
Bulgaria,BGR,1995,34.39503925
Bulgaria,BGR,2000,29.14142037
Bulgaria,BGR,2005,23.1008418
Bulgaria,BGR,2010,26.83183332
Bulgaria,BGR,2011,26.96002866
Bulgaria,BGR,2012,25.68139714
Bulgaria,BGR,2013,26.71231101
Bulgaria,BGR,2014,27.53486186
Bulgaria,BGR,2015,28.12871472
Burkina Faso,BFA,1990,67.52494518
Burkina Faso,BFA,1995,67.0614416
Burkina Faso,BFA,2000,66.61651305
Burkina Faso,BFA,2005,59.00206017
Burkina Faso,BFA,2010,60.87729241
Burkina Faso,BFA,2011,62.6397117
Burkina Faso,BFA,2012,54.89954122
Burkina Faso,BFA,2013,49.39441139
Burkina Faso,BFA,2014,44.14409051
Burkina Faso,BFA,2015,40.03947692
Burundi,BDI,1990,46.53783796
Burundi,BDI,1995,46.38418061
Burundi,BDI,2000,47.18177558
Burundi,BDI,2005,43.19245097
Burundi,BDI,2010,40.05271391
Burundi,BDI,2011,44.03095627
Burundi,BDI,2012,47.44958378
Burundi,BDI,2013,48.33502221
Burundi,BDI,2014,47.29057045
Burundi,BDI,2015,45.53410622
Cambodia,KHM,1990,24.81131271
Cambodia,KHM,1995,25.05560949
Cambodia,KHM,2000,25.1825367
Cambodia,KHM,2005,28.17367825
Cambodia,KHM,2010,24.77074065
Cambodia,KHM,2011,25.235386
Cambodia,KHM,2012,26.12645373
Cambodia,KHM,2013,27.49315224
Cambodia,KHM,2014,27.76846904
Cambodia,KHM,2015,29.03890178
Cameroon,CMR,1990,105.6728257
Cameroon,CMR,1995,103.0960107
Cameroon,CMR,2000,99.60771181
Cameroon,CMR,2005,81.88294993
Cameroon,CMR,2010,72.27810525
Cameroon,CMR,2011,75.59233995
Cameroon,CMR,2012,75.08883329
Cameroon,CMR,2013,73.78419451
Cameroon,CMR,2014,69.56991811
Cameroon,CMR,2015,66.42837013
Canada,CAN,1990,7.974898415
Canada,CAN,1995,7.78182781
Canada,CAN,2000,7.824123321
Canada,CAN,2005,8.114165
Canada,CAN,2010,7.301525158
Canada,CAN,2011,7.370857641
Canada,CAN,2012,7.340954607
Canada,CAN,2013,7.315529036
Canada,CAN,2014,7.244536517
Canada,CAN,2015,7.178847511
Cape Verde,CPV,1990,52.63611811
Cape Verde,CPV,1995,53.78838901
Cape Verde,CPV,2000,48.77078264
Cape Verde,CPV,2005,33.72043724
Cape Verde,CPV,2010,34.59727346
Cape Verde,CPV,2011,38.81934583
Cape Verde,CPV,2012,45.23148614
Cape Verde,CPV,2013,43.54296258
Cape Verde,CPV,2014,41.53790704
Cape Verde,CPV,2015,39.55602953
Caribbean small states,,1990,21.7375464567882
Caribbean small states,,1995,21.6320399649068
Caribbean small states,,2000,21.6920782050871
Caribbean small states,,2005,18.3816560847667
Caribbean small states,,2010,13.9826854626111
Caribbean small states,,2011,14.7210938191616
Caribbean small states,,2012,15.7193492309278
Caribbean small states,,2013,16.6851567329924
Caribbean small states,,2014,16.542248492242
Caribbean small states,,2015,16.6587293267176
Central African Republic,CAF,1990,50.70182564
Central African Republic,CAF,1995,50.47240118
Central African Republic,CAF,2000,52.25120777
Central African Republic,CAF,2005,51.47925568
Central African Republic,CAF,2010,46.16305324
Central African Republic,CAF,2011,49.96232939
Central African Republic,CAF,2012,52.43312592
Central African Republic,CAF,2013,49.33394234
Central African Republic,CAF,2014,47.78222565
Central African Republic,CAF,2015,46.46839936
Central Europe and the Baltics,,1990,38.3374479402251
Central Europe and the Baltics,,1995,28.2582958408042
Central Europe and the Baltics,,2000,23.3571153327419
Central Europe and the Baltics,,2005,21.1949048003471
Central Europe and the Baltics,,2010,23.1505740336662
Central Europe and the Baltics,,2011,22.7026689503315
Central Europe and the Baltics,,2012,21.1969760264046
Central Europe and the Baltics,,2013,21.6967448811122
Central Europe and the Baltics,,2014,22.2069978007201
Central Europe and the Baltics,,2015,22.4485795854492
Chad,TCD,1990,64.80278938
Chad,TCD,1995,64.58295334
Chad,TCD,2000,63.864809
Chad,TCD,2005,58.99097253
Chad,TCD,2010,56.34271414
Chad,TCD,2011,56.98399537
Chad,TCD,2012,56.18013134
Chad,TCD,2013,52.96224759
Chad,TCD,2014,49.32116669
Chad,TCD,2015,46.05858564
Chile,CHL,1990,20.64413914
Chile,CHL,1995,21.27936158
Chile,CHL,2000,21.94511284
Chile,CHL,2005,22.86273012
Chile,CHL,2010,21.31061466
Chile,CHL,2011,21.37433716
Chile,CHL,2012,21.53297271
Chile,CHL,2013,21.16037872
Chile,CHL,2014,21.08723658
Chile,CHL,2015,20.94195715
China,CHN,1990,48.54116342
China,CHN,1995,49.63919986
China,CHN,2000,51.63351915
China,CHN,2005,56.89743587
China,CHN,2010,58.22193143
China,CHN,2011,57.16540288
China,CHN,2012,57.38830359
China,CHN,2013,56.86695663
China,CHN,2014,57.98601356
China,CHN,2015,58.37659937
Colombia,COL,1990,21.25381982
Colombia,COL,1995,20.42419473
Colombia,COL,2000,20.42475508
Colombia,COL,2005,21.5222926
Colombia,COL,2010,16.69620634
Colombia,COL,2011,17.70750897
Colombia,COL,2012,17.29658729
Colombia,COL,2013,18.35243389
Colombia,COL,2014,17.67549693
Colombia,COL,2015,17.99813938
Comoros,COM,1990,20.93445637
Comoros,COM,1995,21.04839074
Comoros,COM,2000,21.05216741
Comoros,COM,2005,20.41033551
Comoros,COM,2010,16.9011094
Comoros,COM,2011,17.16901189
Comoros,COM,2012,17.14686096
Comoros,COM,2013,17.4211319
Comoros,COM,2014,17.13627528
Comoros,COM,2015,17.07934151
Congo,COG,1990,52.03687499
Congo,COG,1995,52.44680493
Congo,COG,2000,61.63371714
Congo,COG,2005,56.74243868
Congo,COG,2010,49.36093279
Congo,COG,2011,49.46126823
Congo,COG,2012,51.86184537
Congo,COG,2013,51.00605842
Congo,COG,2014,52.04968847
Congo,COG,2015,53.0089847
Costa Rica,CRI,1990,21.32911951
Costa Rica,CRI,1995,21.08690083
Costa Rica,CRI,2000,22.0065383
Costa Rica,CRI,2005,20.68529224
Costa Rica,CRI,2010,14.47932299
Costa Rica,CRI,2011,15.28763779
Costa Rica,CRI,2012,16.48043342
Costa Rica,CRI,2013,18.56451064
Costa Rica,CRI,2014,18.4170098
Costa Rica,CRI,2015,20.11774831
Cote d'Ivoire,CIV,1990,33.6008614
Cote d'Ivoire,CIV,1995,32.98860507
Cote d'Ivoire,CIV,2000,32.30402622
Cote d'Ivoire,CIV,2005,27.65451027
Cote d'Ivoire,CIV,2010,28.58998934
Cote d'Ivoire,CIV,2011,31.80904039
Cote d'Ivoire,CIV,2012,33.17098786
Cote d'Ivoire,CIV,2013,28.7908249
Cote d'Ivoire,CIV,2014,26.28596513
Cote d'Ivoire,CIV,2015,23.53443788
Croatia,HRV,1990,24.77305554
Croatia,HRV,1995,20.00939281
Croatia,HRV,2000,18.02012802
Croatia,HRV,2005,17.53064305
Croatia,HRV,2010,17.52935021
Croatia,HRV,2011,16.86451747
Croatia,HRV,2012,17.17789358
Croatia,HRV,2013,18.63551732
Croatia,HRV,2014,20.06918657
Croatia,HRV,2015,21.78040386
Cuba,CUB,1990,22.93026412
Cuba,CUB,1995,21.83979031
Cuba,CUB,2000,21.75224079
Cuba,CUB,2005,20.74618897
Cuba,CUB,2010,15.45960037
Cuba,CUB,2011,16.38933326
Cuba,CUB,2012,17.87777774
Cuba,CUB,2013,18.27609514
Cuba,CUB,2014,18.18831353
Cuba,CUB,2015,17.98569778
Cyprus,CYP,1990,15.68666596
Cyprus,CYP,1995,15.05668015
Cyprus,CYP,2000,15.19674804
Cyprus,CYP,2005,14.5290099
Cyprus,CYP,2010,15.41684785
Cyprus,CYP,2011,15.21667356
Cyprus,CYP,2012,15.10798901
Cyprus,CYP,2013,16.29659663
Cyprus,CYP,2014,17.20774014
Cyprus,CYP,2015,18.28597332
Czech Republic,CZE,1990,37.11061669
Czech Republic,CZE,1995,26.60992605
Czech Republic,CZE,2000,20.98845891
Czech Republic,CZE,2005,19.28864999
Czech Republic,CZE,2010,20.2037086
Czech Republic,CZE,2011,19.78423967
Czech Republic,CZE,2012,18.72233875
Czech Republic,CZE,2013,19.78966278
Czech Republic,CZE,2014,20.60073498
Czech Republic,CZE,2015,21.40898739
Democratic Republic of Congo,COD,1990,47.94273958
Democratic Republic of Congo,COD,1995,48.4056537
Democratic Republic of Congo,COD,2000,51.07883229
Democratic Republic of Congo,COD,2005,47.07936144
Democratic Republic of Congo,COD,2010,42.00486787
Democratic Republic of Congo,COD,2011,44.38807236
Democratic Republic of Congo,COD,2012,46.73556361
Democratic Republic of Congo,COD,2013,46.76494515
Democratic Republic of Congo,COD,2014,46.67313051
Democratic Republic of Congo,COD,2015,46.32237903
Denmark,DNK,1990,12.86144824
Denmark,DNK,1995,11.6860659
Denmark,DNK,2000,10.94668302
Denmark,DNK,2005,10.39023314
Denmark,DNK,2010,10.42452026
Denmark,DNK,2011,10.24883547
Denmark,DNK,2012,10.05436809
Denmark,DNK,2013,10.34987451
Denmark,DNK,2014,10.65521002
Denmark,DNK,2015,11.02259277
Djibouti,DJI,1990,46.59455327
Djibouti,DJI,1995,46.68573635
Djibouti,DJI,2000,50.85019937
Djibouti,DJI,2005,43.11745862
Djibouti,DJI,2010,45.37519972
Djibouti,DJI,2011,48.6359452
Djibouti,DJI,2012,52.43290748
Djibouti,DJI,2013,50.3417756
Djibouti,DJI,2014,51.08017071
Djibouti,DJI,2015,51.50224365
Dominica,DMA,1990,18.03029249
Dominica,DMA,1995,17.87442888
Dominica,DMA,2000,17.95247109
Dominica,DMA,2005,16.70532169
Dominica,DMA,2010,14.1356331
Dominica,DMA,2011,14.42392113
Dominica,DMA,2012,14.00198025
Dominica,DMA,2013,14.24819121
Dominica,DMA,2014,13.71658417
Dominica,DMA,2015,13.55936883
Dominican Republic,DOM,1990,20.77007621
Dominican Republic,DOM,1995,20.93668678
Dominican Republic,DOM,2000,29.80004938
Dominican Republic,DOM,2005,21.34326702
Dominican Republic,DOM,2010,21.24604728
Dominican Republic,DOM,2011,16.96673719
Dominican Republic,DOM,2012,23.06495179
Dominican Republic,DOM,2013,24.07007798
Dominican Republic,DOM,2014,17.77525464
Dominican Republic,DOM,2015,20.41796867
Early-demographic dividend,,1990,48.4362478710409
Early-demographic dividend,,1995,48.5388652918114
Early-demographic dividend,,2000,49.5333234950625
Early-demographic dividend,,2005,51.3160186157679
Early-demographic dividend,,2010,51.0164009495617
Early-demographic dividend,,2011,50.9728590611988
Early-demographic dividend,,2012,52.1477250290646
Early-demographic dividend,,2013,53.9783412953689
Early-demographic dividend,,2014,55.0147807750417
Early-demographic dividend,,2015,56.4750899382022
East Asia & Pacific,,1990,38.1336911269991
East Asia & Pacific,,1995,38.7880115279375
East Asia & Pacific,,2000,39.9803068123191
East Asia & Pacific,,2005,43.5935822958335
East Asia & Pacific,,2010,43.3036327671496
East Asia & Pacific,,2011,42.6226303509135
East Asia & Pacific,,2012,43.1212413244677
East Asia & Pacific,,2013,42.8260718205694
East Asia & Pacific,,2014,43.7780398228194
East Asia & Pacific,,2015,44.1578566797107
East Asia & Pacific (IDA & IBRD),,1990,41.2518499246587
East Asia & Pacific (IDA & IBRD),,1995,41.9040128619767
East Asia & Pacific (IDA & IBRD),,2000,43.1670014917646
East Asia & Pacific (IDA & IBRD),,2005,47.1045784900983
East Asia & Pacific (IDA & IBRD),,2010,46.8412576884893
East Asia & Pacific (IDA & IBRD),,2011,46.1465548358783
East Asia & Pacific (IDA & IBRD),,2012,46.3564723881493
East Asia & Pacific (IDA & IBRD),,2013,46.2105639582504
East Asia & Pacific (IDA & IBRD),,2014,46.9086715799859
East Asia & Pacific (IDA & IBRD),,2015,47.2495580911284
East Asia & Pacific (excluding high income),,1990,41.1171119494759
East Asia & Pacific (excluding high income),,1995,41.7584418143976
East Asia & Pacific (excluding high income),,2000,43.0114181704209
East Asia & Pacific (excluding high income),,2005,46.9125317817851
East Asia & Pacific (excluding high income),,2010,46.64637392997
East Asia & Pacific (excluding high income),,2011,45.9395108140806
East Asia & Pacific (excluding high income),,2012,46.1571831786393
East Asia & Pacific (excluding high income),,2013,46.0296111786324
East Asia & Pacific (excluding high income),,2014,46.7351264123985
East Asia & Pacific (excluding high income),,2015,47.0852368274738
Ecuador,ECU,1990,17.50688338
Ecuador,ECU,1995,17.8827313
Ecuador,ECU,2000,17.95547565
Ecuador,ECU,2005,19.4304039
Ecuador,ECU,2010,14.26156132
Ecuador,ECU,2011,16.53896222
Ecuador,ECU,2012,15.9236179
Ecuador,ECU,2013,15.9900108
Ecuador,ECU,2014,13.84004408
Ecuador,ECU,2015,12.84155358
Egypt,EGY,1990,75.77587916
Egypt,EGY,1995,72.35248824
Egypt,EGY,2000,73.29447544
Egypt,EGY,2005,79.56297504
Egypt,EGY,2010,90.4582509
Egypt,EGY,2011,89.14891705
Egypt,EGY,2012,88.57841114
Egypt,EGY,2013,95.04821592
Egypt,EGY,2014,99.19876877
Egypt,EGY,2015,104.6666533
El Salvador,SLV,1990,39.45591374
El Salvador,SLV,1995,40.12171965
El Salvador,SLV,2000,42.83783835
El Salvador,SLV,2005,38.68068909
El Salvador,SLV,2010,31.35037865
El Salvador,SLV,2011,33.42626952
El Salvador,SLV,2012,37.90474923
El Salvador,SLV,2013,36.6246429
El Salvador,SLV,2014,36.78758485
El Salvador,SLV,2015,37.0047886
Equatorial Guinea,GNQ,1990,47.16285206
Equatorial Guinea,GNQ,1995,47.25860107
Equatorial Guinea,GNQ,2000,53.70123277
Equatorial Guinea,GNQ,2005,41.81004277
Equatorial Guinea,GNQ,2010,42.89914536
Equatorial Guinea,GNQ,2011,46.97997954
Equatorial Guinea,GNQ,2012,45.66061378
Equatorial Guinea,GNQ,2013,45.18452312
Equatorial Guinea,GNQ,2014,46.32019477
Equatorial Guinea,GNQ,2015,47.11721082
Eritrea,ERI,1990,44.47616108
Eritrea,ERI,1995,44.13017097
Eritrea,ERI,2000,43.55805505
Eritrea,ERI,2005,38.54949375
Eritrea,ERI,2010,42.00796735
Eritrea,ERI,2011,43.41660755
Eritrea,ERI,2012,45.59829566
Eritrea,ERI,2013,43.84270296
Eritrea,ERI,2014,43.81240103
Eritrea,ERI,2015,43.49048059
Estonia,EST,1990,11.69819801
Estonia,EST,1995,8.981276938
Estonia,EST,2000,8.065298029
Estonia,EST,2005,8.007031131
Estonia,EST,2010,8.205840132
Estonia,EST,2011,7.881789587
Estonia,EST,2012,7.1216599
Estonia,EST,2013,8.187993959
Estonia,EST,2014,8.70329887
Estonia,EST,2015,9.404689495
Ethiopia,ETH,1990,36.08780964
Ethiopia,ETH,1995,35.92373597
Ethiopia,ETH,2000,35.4848492
Ethiopia,ETH,2005,31.19806258
Ethiopia,ETH,2010,34.1193404
Ethiopia,ETH,2011,36.1146896
Ethiopia,ETH,2012,37.46941846
Ethiopia,ETH,2013,36.60738002
Ethiopia,ETH,2014,36.40572759
Ethiopia,ETH,2015,35.73814656
Euro area,,1990,16.3095346726874
Euro area,,1995,14.5872217246279
Euro area,,2000,13.5658959245751
Euro area,,2005,12.9205178834359
Euro area,,2010,13.0471178597973
Euro area,,2011,12.9446653363923
Euro area,,2012,12.8238595466241
Euro area,,2013,13.3965327514564
Euro area,,2014,13.761342240159
Euro area,,2015,14.2275445002178
Europe & Central Asia,,1990,23.9575821709724
Europe & Central Asia,,1995,19.6390331684805
Europe & Central Asia,,2000,18.1784056135339
Europe & Central Asia,,2005,16.7539960266677
Europe & Central Asia,,2010,18.2566117869284
Europe & Central Asia,,2011,17.9881169651183
Europe & Central Asia,,2012,17.5959609779135
Europe & Central Asia,,2013,18.2415212526613
Europe & Central Asia,,2014,18.8258639541654
Europe & Central Asia,,2015,19.3766510277347
Europe & Central Asia (IDA & IBRD),,1990,30.8905439362951
Europe & Central Asia (IDA & IBRD),,1995,24.3426007374558
Europe & Central Asia (IDA & IBRD),,2000,22.6402308422076
Europe & Central Asia (IDA & IBRD),,2005,20.6089746323438
Europe & Central Asia (IDA & IBRD),,2010,23.5797066238774
Europe & Central Asia (IDA & IBRD),,2011,23.1365541441051
Europe & Central Asia (IDA & IBRD),,2012,22.4516340544486
Europe & Central Asia (IDA & IBRD),,2013,23.2601468898643
Europe & Central Asia (IDA & IBRD),,2014,24.0874948661718
Europe & Central Asia (IDA & IBRD),,2015,24.7655184914488
Europe & Central Asia (excluding high income),,1990,29.4529323631874
Europe & Central Asia (excluding high income),,1995,23.5062595886002
Europe & Central Asia (excluding high income),,2000,22.2848655472204
Europe & Central Asia (excluding high income),,2005,20.1720075853863
Europe & Central Asia (excluding high income),,2010,23.2125500430918
Europe & Central Asia (excluding high income),,2011,22.775755604365
Europe & Central Asia (excluding high income),,2012,22.2708368596113
Europe & Central Asia (excluding high income),,2013,23.1266244388109
Europe & Central Asia (excluding high income),,2014,24.0210766200483
Europe & Central Asia (excluding high income),,2015,24.8099837222496
European Union,,1990,20.6015926577682
European Union,,1995,17.1838423959535
European Union,,2000,15.3567702452598
European Union,,2005,14.321354846014
European Union,,2010,14.7183631036307
European Union,,2011,14.5610046793299
European Union,,2012,14.2093587036814
European Union,,2013,14.6624222198716
European Union,,2014,14.9961441379192
European Union,,2015,15.3408422096947
Fiji,FJI,1990,8.686032249
Fiji,FJI,1995,8.818358913
Fiji,FJI,2000,8.833367028
Fiji,FJI,2005,9.481997387
Fiji,FJI,2010,6.879011374
Fiji,FJI,2011,6.74347482
Fiji,FJI,2012,7.059171837
Fiji,FJI,2013,7.618590682
Fiji,FJI,2014,7.249870664
Fiji,FJI,2015,7.870697243
Finland,FIN,1990,7.839916905
Finland,FIN,1995,7.314140165
Finland,FIN,2000,7.092406007
Finland,FIN,2005,6.912545794
Finland,FIN,2010,7.056500764
Finland,FIN,2011,6.85124207
Finland,FIN,2012,6.584123308
Finland,FIN,2013,6.901412513
Finland,FIN,2014,7.116471102
Finland,FIN,2015,7.379235597
Fragile and conflict affected situations,,1990,43.6683625036023
Fragile and conflict affected situations,,1995,43.502233943487
Fragile and conflict affected situations,,2000,44.1753029635868
Fragile and conflict affected situations,,2005,41.4681549628708
Fragile and conflict affected situations,,2010,44.0237378735307
Fragile and conflict affected situations,,2011,44.9526661458298
Fragile and conflict affected situations,,2012,45.6638514865123
Fragile and conflict affected situations,,2013,44.1627610361054
Fragile and conflict affected situations,,2014,42.8065409219799
Fragile and conflict affected situations,,2015,41.6726978640034
France,FRA,1990,14.15232552
France,FRA,1995,13.28749298
France,FRA,2000,12.60229344
France,FRA,2005,12.26129727
France,FRA,2010,12.23372128
France,FRA,2011,12.20212495
France,FRA,2012,12.25035112
France,FRA,2013,12.29085529
France,FRA,2014,12.32044895
France,FRA,2015,12.36533737
Gabon,GAB,1990,39.52603511
Gabon,GAB,1995,39.8173673
Gabon,GAB,2000,41.80434931
Gabon,GAB,2005,34.92150088
Gabon,GAB,2010,34.87014621
Gabon,GAB,2011,36.30971917
Gabon,GAB,2012,36.69871355
Gabon,GAB,2013,36.73124941
Gabon,GAB,2014,39.13879174
Gabon,GAB,2015,39.86049558
Gambia,GMB,1990,67.04610893
Gambia,GMB,1995,67.70768828
Gambia,GMB,2000,70.34528021
Gambia,GMB,2005,51.42479122
Gambia,GMB,2010,60.03786817
Gambia,GMB,2011,59.54139942
Gambia,GMB,2012,57.81041324
Gambia,GMB,2013,60.39293584
Gambia,GMB,2014,59.48544873
Gambia,GMB,2015,60.94814767
Georgia,GEO,1990,18.48564282
Georgia,GEO,1995,15.16917042
Georgia,GEO,2000,15.75805384
Georgia,GEO,2005,16.57218454
Georgia,GEO,2010,20.2477697
Georgia,GEO,2011,19.79680894
Georgia,GEO,2012,18.26160101
Georgia,GEO,2013,19.25031444
Georgia,GEO,2014,19.94951889
Georgia,GEO,2015,20.4763228
Germany,DEU,1990,17.44822457
Germany,DEU,1995,15.19417914
Germany,DEU,2000,14.08379102
Germany,DEU,2005,13.39368326
Germany,DEU,2010,13.70378666
Germany,DEU,2011,13.67429891
Germany,DEU,2012,13.29681529
Germany,DEU,2013,13.6595252
Germany,DEU,2014,13.86261171
Germany,DEU,2015,14.0153719
Ghana,GHA,1990,38.25895569
Ghana,GHA,1995,37.29776512
Ghana,GHA,2000,36.50148156
Ghana,GHA,2005,27.06847214
Ghana,GHA,2010,27.38546471
Ghana,GHA,2011,29.84851562
Ghana,GHA,2012,31.10007313
Ghana,GHA,2013,27.53336504
Ghana,GHA,2014,25.3778426
Ghana,GHA,2015,22.98826426
Greece,GRC,1990,13.49544782
Greece,GRC,1995,12.45954868
Greece,GRC,2000,11.99812407
Greece,GRC,2005,10.64138672
Greece,GRC,2010,11.64990173
Greece,GRC,2011,11.4010346
Greece,GRC,2012,11.16884853
Greece,GRC,2013,12.02425824
Greece,GRC,2014,12.6601089
Greece,GRC,2015,13.48711001
Greenland,GRL,1990,6.147446932
Greenland,GRL,1995,6.026314562
Greenland,GRL,2000,6.043513843
Greenland,GRL,2005,5.5212853
Greenland,GRL,2010,4.881577078
Greenland,GRL,2011,4.947269234
Greenland,GRL,2012,4.902523735
Greenland,GRL,2013,5.172410008
Greenland,GRL,2014,5.216358613
Greenland,GRL,2015,5.330841384
Grenada,GRD,1990,20.37287592
Grenada,GRD,1995,20.35511156
Grenada,GRD,2000,20.46327041
Grenada,GRD,2005,17.1387904
Grenada,GRD,2010,14.23646352
Grenada,GRD,2011,14.0369579
Grenada,GRD,2012,14.47860075
Grenada,GRD,2013,15.23001362
Grenada,GRD,2014,15.03709875
Grenada,GRD,2015,15.1402398
Guam,GUM,1990,8.452167931
Guam,GUM,1995,8.374898523
Guam,GUM,2000,8.444836789
Guam,GUM,2005,8.813820604
Guam,GUM,2010,7.620706344
Guam,GUM,2011,7.54148483
Guam,GUM,2012,7.672334715
Guam,GUM,2013,7.924656483
Guam,GUM,2014,7.596176677
Guam,GUM,2015,7.393453727
Guatemala,GTM,1990,35.35224819
Guatemala,GTM,1995,36.02451007
Guatemala,GTM,2000,38.70556943
Guatemala,GTM,2005,37.33177561
Guatemala,GTM,2010,28.78974122
Guatemala,GTM,2011,29.34596294
Guatemala,GTM,2012,33.46232874
Guatemala,GTM,2013,32.91683323
Guatemala,GTM,2014,33.25911961
Guatemala,GTM,2015,34.84767569
Guinea,GIN,1990,30.51501865
Guinea,GIN,1995,30.45169521
Guinea,GIN,2000,30.58253471
Guinea,GIN,2005,26.28173756
Guinea,GIN,2010,29.76640612
Guinea,GIN,2011,31.41431199
Guinea,GIN,2012,29.73987261
Guinea,GIN,2013,27.43240718
Guinea,GIN,2014,24.87737117
Guinea,GIN,2015,22.63592379
Guinea-Bissau,GNB,1990,42.17052347
Guinea-Bissau,GNB,1995,42.09286987
Guinea-Bissau,GNB,2000,41.88874324
Guinea-Bissau,GNB,2005,30.92094702
Guinea-Bissau,GNB,2010,37.19953493
Guinea-Bissau,GNB,2011,37.22465835
Guinea-Bissau,GNB,2012,35.19041059
Guinea-Bissau,GNB,2013,34.74291709
Guinea-Bissau,GNB,2014,33.94990267
Guinea-Bissau,GNB,2015,32.98647968
Guyana,GUY,1990,26.24853233
Guyana,GUY,1995,26.26933274
Guyana,GUY,2000,26.51026229
Guyana,GUY,2005,18.30223061
Guyana,GUY,2010,15.06926936
Guyana,GUY,2011,16.48322643
Guyana,GUY,2012,17.67042104
Guyana,GUY,2013,18.62154061
Guyana,GUY,2014,18.09930812
Guyana,GUY,2015,17.3922441
Haiti,HTI,1990,30.76331298
Haiti,HTI,1995,30.78511363
Haiti,HTI,2000,31.01404248
Haiti,HTI,2005,30.08168398
Haiti,HTI,2010,22.5871097
Haiti,HTI,2011,23.36059622
Haiti,HTI,2012,24.13698101
Haiti,HTI,2013,25.21350435
Haiti,HTI,2014,25.0882277
Haiti,HTI,2015,25.837657
Heavily indebted poor countries (HIPC),,1990,45.3537460420562
Heavily indebted poor countries (HIPC),,1995,45.1379556245659
Heavily indebted poor countries (HIPC),,2000,45.3781420076912
Heavily indebted poor countries (HIPC),,2005,40.5016041849347
Heavily indebted poor countries (HIPC),,2010,39.7817228533551
Heavily indebted poor countries (HIPC),,2011,42.0079893213778
Heavily indebted poor countries (HIPC),,2012,42.3559360834863
Heavily indebted poor countries (HIPC),,2013,40.8606836046039
Heavily indebted poor countries (HIPC),,2014,39.3850459777743
Heavily indebted poor countries (HIPC),,2015,38.052121783766
High income,,1990,17.5578503138155
High income,,1995,16.1604531329749
High income,,2000,15.7386466523827
High income,,2005,15.6481649647392
High income,,2010,16.5568018078309
High income,,2011,16.4913104381413
High income,,2012,16.6959659900026
High income,,2013,16.7646050066424
High income,,2014,16.6680098489059
High income,,2015,16.6488913474797
Honduras,HND,1990,35.62332645
Honduras,HND,1995,35.83989066
Honduras,HND,2000,37.27139965
Honduras,HND,2005,40.17349718
Honduras,HND,2010,32.02111242
Honduras,HND,2011,34.13333902
Honduras,HND,2012,39.41232902
Honduras,HND,2013,36.95912098
Honduras,HND,2014,37.11423279
Honduras,HND,2015,37.59004958
Hungary,HUN,1990,38.35732124
Hungary,HUN,1995,28.61255423
Hungary,HUN,2000,24.30350172
Hungary,HUN,2005,21.82700469
Hungary,HUN,2010,22.82931874
Hungary,HUN,2011,21.73224275
Hungary,HUN,2012,20.75975849
Hungary,HUN,2013,20.92537186
Hungary,HUN,2014,21.94633745
Hungary,HUN,2015,23.05838255
IBRD only,,1990,42.5942280265983
IBRD only,,1995,42.551935583481
IBRD only,,2000,43.6589078499598
IBRD only,,2005,46.3074175211416
IBRD only,,2010,46.3793695485784
IBRD only,,2011,45.8185222101261
IBRD only,,2012,46.422934762385
IBRD only,,2013,47.317412524261
IBRD only,,2014,48.4581515130732
IBRD only,,2015,49.548809454323
IDA & IBRD total,,1990,44.6926838883713
IDA & IBRD total,,1995,44.5841853486519
IDA & IBRD total,,2000,45.5496784894119
IDA & IBRD total,,2005,46.9693164152646
IDA & IBRD total,,2010,46.7466188831353
IDA & IBRD total,,2011,46.7008053000755
IDA & IBRD total,,2012,47.1792121527056
IDA & IBRD total,,2013,47.7894884126044
IDA & IBRD total,,2014,48.3104644490375
IDA & IBRD total,,2015,48.9593593648048
IDA blend,,1990,65.1119654024441
IDA blend,,1995,62.8528526099983
IDA blend,,2000,62.4232746854269
IDA blend,,2005,53.973911262789
IDA blend,,2010,49.8093770314926
IDA blend,,2011,51.5122323431089
IDA blend,,2012,50.3880330264848
IDA blend,,2013,49.3947502912036
IDA blend,,2014,47.5624900067821
IDA blend,,2015,46.4008142734391
IDA only,,1990,47.3864878953299
IDA only,,1995,47.2851214193225
IDA only,,2000,47.5361544483784
IDA only,,2005,46.9181195287382
IDA only,,2010,47.0065263536883
IDA only,,2011,48.5236564478013
IDA only,,2012,49.156947683298
IDA only,,2013,49.1930170277449
IDA only,,2014,48.0024662532284
IDA only,,2015,47.5530059975775
IDA total,,1990,53.3542180510109
IDA total,,1995,52.4967308539441
IDA total,,2000,52.4914125146159
IDA total,,2005,49.2490075054638
IDA total,,2010,47.9320089034976
IDA total,,2011,49.5114132796147
IDA total,,2012,49.5653726207011
IDA total,,2013,49.2599881967116
IDA total,,2014,47.8563102675102
IDA total,,2015,47.1700672101171
Iceland,ISL,1990,8.404837946
Iceland,ISL,1995,8.171335937
Iceland,ISL,2000,8.018388389
Iceland,ISL,2005,7.901968162
Iceland,ISL,2010,7.833622919
Iceland,ISL,2011,7.725124105
Iceland,ISL,2012,7.641008895
Iceland,ISL,2013,7.591107901
Iceland,ISL,2014,7.697073981
Iceland,ISL,2015,7.78903328
India,IND,1990,59.86864301
India,IND,1995,60.60455536
India,IND,2000,61.49603362
India,IND,2005,65.66193004
India,IND,2010,64.63060009
India,IND,2011,63.86602195
India,IND,2012,66.08989937
India,IND,2013,68.96813884
India,IND,2014,71.62337709
India,IND,2015,74.32984681
Indonesia,IDN,1990,16.64906382
Indonesia,IDN,1995,16.66599067
Indonesia,IDN,2000,16.49438573
Indonesia,IDN,2005,17.11373179
Indonesia,IDN,2010,14.49991068
Indonesia,IDN,2011,14.8452272
Indonesia,IDN,2012,14.94642061
Indonesia,IDN,2013,15.55812536
Indonesia,IDN,2014,15.23766797
Indonesia,IDN,2015,15.40820407
Iran,IRN,1990,49.43830915
Iran,IRN,1995,47.25099269
Iran,IRN,2000,48.02147067
Iran,IRN,2005,37.22546487
Iran,IRN,2010,48.09925658
Iran,IRN,2011,46.62644713
Iran,IRN,2012,45.39340976
Iran,IRN,2013,44.78403369
Iran,IRN,2014,43.67268667
Iran,IRN,2015,42.98979197
Iraq,IRQ,1990,51.48222313
Iraq,IRQ,1995,50.26479353
Iraq,IRQ,2000,50.95662132
Iraq,IRQ,2005,55.06001284
Iraq,IRQ,2010,90.65935023
Iraq,IRQ,2011,83.88459879
Iraq,IRQ,2012,78.57561599
Iraq,IRQ,2013,66.38925866
Iraq,IRQ,2014,58.86882866
Iraq,IRQ,2015,51.99596281
Ireland,IRL,1990,10.79789184
Ireland,IRL,1995,10.26351045
Ireland,IRL,2000,9.854683477
Ireland,IRL,2005,9.261923204
Ireland,IRL,2010,9.315093402
Ireland,IRL,2011,9.344139284
Ireland,IRL,2012,9.582682389
Ireland,IRL,2013,9.614099788
Ireland,IRL,2014,9.694570008
Ireland,IRL,2015,9.799825902
Israel,ISR,1990,17.93355073
Israel,ISR,1995,17.28715428
Israel,ISR,2000,17.12624191
Israel,ISR,2005,16.73646008
Israel,ISR,2010,18.08463961
Israel,ISR,2011,17.82445218
Israel,ISR,2012,18.01229813
Israel,ISR,2013,18.96548792
Israel,ISR,2014,19.94741583
Israel,ISR,2015,21.09447276
Italy,ITA,1990,18.52287282
Italy,ITA,1995,16.83137384
Italy,ITA,2000,15.44006304
Italy,ITA,2005,14.22591662
Italy,ITA,2010,14.64620473
Italy,ITA,2011,14.37746445
Italy,ITA,2012,14.57311469
Italy,ITA,2013,16.64030991
Italy,ITA,2014,17.90572685
Italy,ITA,2015,19.86123293
Jamaica,JAM,1990,20.73941823
Jamaica,JAM,1995,20.54640863
Jamaica,JAM,2000,20.51293437
Jamaica,JAM,2005,19.94518639
Jamaica,JAM,2010,13.64875631
Jamaica,JAM,2011,14.42893754
Jamaica,JAM,2012,15.6526909
Jamaica,JAM,2013,17.05290558
Jamaica,JAM,2014,16.81027962
Jamaica,JAM,2015,16.99207352
Japan,JPN,1990,12.73448875
Japan,JPN,1995,12.54349306
Japan,JPN,2000,12.45214952
Japan,JPN,2005,13.20743784
Japan,JPN,2010,12.35442871
Japan,JPN,2011,11.79530762
Japan,JPN,2012,11.98730649
Japan,JPN,2013,12.41386444
Japan,JPN,2014,12.90119799
Japan,JPN,2015,13.33416293
Jordan,JOR,1990,31.78224668
Jordan,JOR,1995,30.4957129
Jordan,JOR,2000,29.75398248
Jordan,JOR,2005,29.11889943
Jordan,JOR,2010,36.02868609
Jordan,JOR,2011,34.75692723
Jordan,JOR,2012,34.56808995
Jordan,JOR,2013,35.53203593
Jordan,JOR,2014,37.03792968
Jordan,JOR,2015,38.79814209
Kazakhstan,KAZ,1990,20.28113957
Kazakhstan,KAZ,1995,16.37632379
Kazakhstan,KAZ,2000,16.51784006
Kazakhstan,KAZ,2005,14.98541998
Kazakhstan,KAZ,2010,16.83214082
Kazakhstan,KAZ,2011,17.14139032
Kazakhstan,KAZ,2012,18.16183816
Kazakhstan,KAZ,2013,18.2666365
Kazakhstan,KAZ,2014,19.12674537
Kazakhstan,KAZ,2015,19.66999774
Kenya,KEN,1990,16.4419444
Kenya,KEN,1995,16.45444814
Kenya,KEN,2000,16.1797936
Kenya,KEN,2005,15.14638636
Kenya,KEN,2010,15.0399724
Kenya,KEN,2011,16.1242234
Kenya,KEN,2012,16.64042643
Kenya,KEN,2013,16.73233923
Kenya,KEN,2014,16.51064549
Kenya,KEN,2015,16.29880428
Kiribati,KIR,1990,4.430736694
Kiribati,KIR,1995,4.458143672
Kiribati,KIR,2000,4.479850383
Kiribati,KIR,2005,4.314494951
Kiribati,KIR,2010,3.410355156
Kiribati,KIR,2011,3.329558243
Kiribati,KIR,2012,3.319247321
Kiribati,KIR,2013,3.325495619
Kiribati,KIR,2014,3.397615039
Kiribati,KIR,2015,3.446646019
Kuwait,KWT,1990,64.22610877
Kuwait,KWT,1995,62.77439248
Kuwait,KWT,2000,65.89427637
Kuwait,KWT,2005,65.58517836
Kuwait,KWT,2010,104.1890789
Kuwait,KWT,2011,102.8482505
Kuwait,KWT,2012,103.7350314
Kuwait,KWT,2013,87.22681884
Kuwait,KWT,2014,77.05769694
Kuwait,KWT,2015,67.43349003
Kyrgyzstan,KGZ,1990,16.92317459
Kyrgyzstan,KGZ,1995,14.87305912
Kyrgyzstan,KGZ,2000,14.97518453
Kyrgyzstan,KGZ,2005,14.96126118
Kyrgyzstan,KGZ,2010,15.86480362
Kyrgyzstan,KGZ,2011,15.8096858
Kyrgyzstan,KGZ,2012,16.12652952
Kyrgyzstan,KGZ,2013,15.88369369
Kyrgyzstan,KGZ,2014,16.77185302
Kyrgyzstan,KGZ,2015,16.92166624
Laos,LAO,1990,26.65765136
Laos,LAO,1995,26.94943894
Laos,LAO,2000,27.17834793
Laos,LAO,2005,30.15931667
Laos,LAO,2010,28.10376675
Laos,LAO,2011,28.70205772
Laos,LAO,2012,29.04353856
Laos,LAO,2013,31.0061745
Laos,LAO,2014,31.23780134
Laos,LAO,2015,32.56943026
Late-demographic dividend,,1990,38.9172982677797
Late-demographic dividend,,1995,38.7449793399822
Late-demographic dividend,,2000,39.8493169029432
Late-demographic dividend,,2005,42.896646626498
Late-demographic dividend,,2010,43.41888829108
Late-demographic dividend,,2011,42.7668857161981
Late-demographic dividend,,2012,42.8509555673372
Late-demographic dividend,,2013,42.6881645939045
Late-demographic dividend,,2014,43.4024064826182
Late-demographic dividend,,2015,43.7624573269049
Latin America & Caribbean,,1990,21.0193441842236
Latin America & Caribbean,,1995,21.7089930256555
Latin America & Caribbean,,2000,23.1325837363851
Latin America & Caribbean,,2005,21.8227386005712
Latin America & Caribbean,,2010,17.208631458245
Latin America & Caribbean,,2011,17.8309352990747
Latin America & Caribbean,,2012,18.258393032857
Latin America & Caribbean,,2013,18.2973421470606
Latin America & Caribbean,,2014,17.8742290218151
Latin America & Caribbean,,2015,17.9284350318081
Latin America & Caribbean (IDA & IBRD),,1990,20.9884653736137
Latin America & Caribbean (IDA & IBRD),,1995,21.7293708688446
Latin America & Caribbean (IDA & IBRD),,2000,23.15145308507
Latin America & Caribbean (IDA & IBRD),,2005,21.8695456702108
Latin America & Caribbean (IDA & IBRD),,2010,17.2464502035461
Latin America & Caribbean (IDA & IBRD),,2011,17.8846893262975
Latin America & Caribbean (IDA & IBRD),,2012,18.264525624843
Latin America & Caribbean (IDA & IBRD),,2013,18.2916487997187
Latin America & Caribbean (IDA & IBRD),,2014,17.8835927632883
Latin America & Caribbean (IDA & IBRD),,2015,17.9319113428159
Latin America & Caribbean (excluding high income),,1990,21.1112352480152
Latin America & Caribbean (excluding high income),,1995,21.8134556872244
Latin America & Caribbean (excluding high income),,2000,23.2327739566876
Latin America & Caribbean (excluding high income),,2005,21.8954964707309
Latin America & Caribbean (excluding high income),,2010,17.1341252612915
Latin America & Caribbean (excluding high income),,2011,17.8011273124989
Latin America & Caribbean (excluding high income),,2012,18.2115946891772
Latin America & Caribbean (excluding high income),,2013,18.2573746308081
Latin America & Caribbean (excluding high income),,2014,17.8413209600281
Latin America & Caribbean (excluding high income),,2015,17.8900892627859
Latvia,LVA,1990,30.20605356
Latvia,LVA,1995,21.72067028
Latvia,LVA,2000,18.24626796
Latvia,LVA,2005,17.43835938
Latvia,LVA,2010,18.38863954
Latvia,LVA,2011,17.81409163
Latvia,LVA,2012,16.12200735
Latvia,LVA,2013,18.2766284
Latvia,LVA,2014,19.27617816
Latvia,LVA,2015,20.41799195
Least developed countries: UN classification,,1990,48.292100432179
Least developed countries: UN classification,,1995,48.3712447005469
Least developed countries: UN classification,,2000,48.732176916962
Least developed countries: UN classification,,2005,48.4665798168979
Least developed countries: UN classification,,2010,48.2258828233434
Least developed countries: UN classification,,2011,49.7649509573699
Least developed countries: UN classification,,2012,50.3499119424694
Least developed countries: UN classification,,2013,50.5933193304699
Least developed countries: UN classification,,2014,49.4027409713118
Least developed countries: UN classification,,2015,49.0465136988862
Lebanon,LBN,1990,24.74490559
Lebanon,LBN,1995,23.33750154
Lebanon,LBN,2000,24.63055079
Lebanon,LBN,2005,24.68310541
Lebanon,LBN,2010,28.40289918
Lebanon,LBN,2011,27.54087011
Lebanon,LBN,2012,27.15373527
Lebanon,LBN,2013,28.79200433
Lebanon,LBN,2014,30.56520468
Lebanon,LBN,2015,32.60158923
Lesotho,LSO,1990,25.18792602
Lesotho,LSO,1995,26.348943
Lesotho,LSO,2000,27.80416806
Lesotho,LSO,2005,26.39929039
Lesotho,LSO,2010,22.7534192
Lesotho,LSO,2011,22.32359606
Lesotho,LSO,2012,22.18348968
Lesotho,LSO,2013,23.08287203
Lesotho,LSO,2014,23.8663077
Lesotho,LSO,2015,24.70117006
Liberia,LBR,1990,10.47510305
Liberia,LBR,1995,10.32988699
Liberia,LBR,2000,10.53349317
Liberia,LBR,2005,9.466795539
Liberia,LBR,2010,9.530500407
Liberia,LBR,2011,10.58214462
Liberia,LBR,2012,11.12994883
Liberia,LBR,2013,10.03425693
Liberia,LBR,2014,8.976974996
Liberia,LBR,2015,7.851815034
Libya,LBY,1990,56.65998867
Libya,LBY,1995,54.49092994
Libya,LBY,2000,54.19345144
Libya,LBY,2005,54.22123122
Libya,LBY,2010,67.71389865
Libya,LBY,2011,61.08713909
Libya,LBY,2012,58.69926446
Libya,LBY,2013,64.27003391
Libya,LBY,2014,71.10513256
Libya,LBY,2015,79.20020559
Lithuania,LTU,1990,30.91937236
Lithuania,LTU,1995,22.22962392
Lithuania,LTU,2000,18.48781706
Lithuania,LTU,2005,17.4990803
Lithuania,LTU,2010,18.7971457
Lithuania,LTU,2011,18.69884361
Lithuania,LTU,2012,16.88664606
Lithuania,LTU,2013,18.50825871
Lithuania,LTU,2014,18.94196512
Lithuania,LTU,2015,19.06499459
Low & middle income,,1990,44.6796594641461
Low & middle income,,1995,44.6724781115635
Low & middle income,,2000,45.6840049140376
Low & middle income,,2005,47.1096850101004
Low & middle income,,2010,46.8541340482099
Low & middle income,,2011,46.8037354138426
Low & middle income,,2012,47.3045542174854
Low & middle income,,2013,47.9198141954044
Low & middle income,,2014,48.4448420133969
Low & middle income,,2015,49.1011706619996
Low income,,1990,42.9122699756588
Low income,,1995,42.9061497348805
Low income,,2000,43.30788921618
Low income,,2005,39.4549843811463
Low income,,2010,39.361803772018
Low income,,2011,41.2978884355092
Low income,,2012,41.5415006113059
Low income,,2013,40.725762014152
Low income,,2014,39.5968027749058
Low income,,2015,38.6803615301548
Lower middle income,,1990,51.4304442451866
Lower middle income,,1995,51.2392640627914
Lower middle income,,2000,51.8549485031257
Lower middle income,,2005,53.4960800446956
Lower middle income,,2010,52.3579807092126
Lower middle income,,2011,52.4268265635342
Lower middle income,,2012,53.4340783915305
Lower middle income,,2013,55.0803004759206
Lower middle income,,2014,55.9624564087409
Lower middle income,,2015,57.2872670641917
Luxembourg,LUX,1990,20.34025669
Luxembourg,LUX,1995,18.27980147
Luxembourg,LUX,2000,16.97141088
Luxembourg,LUX,2005,16.24854947
Luxembourg,LUX,2010,16.36504676
Luxembourg,LUX,2011,16.37103967
Luxembourg,LUX,2012,16.20486376
Luxembourg,LUX,2013,16.32351279
Luxembourg,LUX,2014,16.51841848
Luxembourg,LUX,2015,16.58784625
Macedonia,MKD,1990,51.73356776
Macedonia,MKD,1995,41.75290108
Macedonia,MKD,2000,35.85635145
Macedonia,MKD,2005,29.0470203
Macedonia,MKD,2010,34.89951527
Macedonia,MKD,2011,35.13390758
Macedonia,MKD,2012,34.17353781
Macedonia,MKD,2013,36.7426215
Macedonia,MKD,2014,38.57433694
Macedonia,MKD,2015,40.4789043
Madagascar,MDG,1990,18.86214703
Madagascar,MDG,1995,19.11081013
Madagascar,MDG,2000,19.35995483
Madagascar,MDG,2005,18.2877897
Madagascar,MDG,2010,17.34748194
Madagascar,MDG,2011,17.23861885
Madagascar,MDG,2012,18.17180817
Madagascar,MDG,2013,18.35847941
Madagascar,MDG,2014,19.09647319
Madagascar,MDG,2015,19.67682043
Malawi,MWI,1990,29.41344191
Malawi,MWI,1995,29.11089659
Malawi,MWI,2000,29.20882033
Malawi,MWI,2005,29.43248757
Malawi,MWI,2010,26.67043623
Malawi,MWI,2011,27.85564969
Malawi,MWI,2012,27.80368186
Malawi,MWI,2013,27.71110823
Malawi,MWI,2014,26.62499698
Malawi,MWI,2015,25.72702911
Malaysia,MYS,1990,15.51768483
Malaysia,MYS,1995,15.7044394
Malaysia,MYS,2000,15.90752898
Malaysia,MYS,2005,19.81326962
Malaysia,MYS,2010,15.27235986
Malaysia,MYS,2011,15.43987084
Malaysia,MYS,2012,15.6245
Malaysia,MYS,2013,16.07241052
Malaysia,MYS,2014,15.53289658
Malaysia,MYS,2015,15.55640978
Maldives,MDV,1990,30.02909368
Maldives,MDV,1995,29.38614394
Maldives,MDV,2000,30.29161728
Maldives,MDV,2005,31.61021199
Maldives,MDV,2010,25.0998534
Maldives,MDV,2011,24.73152335
Maldives,MDV,2012,25.7814608
Maldives,MDV,2013,27.66795405
Maldives,MDV,2014,28.42403633
Maldives,MDV,2015,29.05613639
Mali,MLI,1990,62.23760033
Mali,MLI,1995,61.39992072
Mali,MLI,2000,59.90442308
Mali,MLI,2005,53.49259412
Mali,MLI,2010,59.93972609
Mali,MLI,2011,64.59120193
Mali,MLI,2012,57.46155815
Mali,MLI,2013,53.19781262
Mali,MLI,2014,47.91998492
Mali,MLI,2015,44.0063041
Malta,MLT,1990,14.41583917
Malta,MLT,1995,13.80087084
Malta,MLT,2000,13.25441504
Malta,MLT,2005,11.8289078
Malta,MLT,2010,14.65019882
Malta,MLT,2011,13.39748959
Malta,MLT,2012,12.60269966
Malta,MLT,2013,13.56580398
Malta,MLT,2014,14.50619675
Malta,MLT,2015,15.67337266
Marshall Islands,MHL,1990,12.58620368
Marshall Islands,MHL,1995,12.30546364
Marshall Islands,MHL,2000,12.91087609
Marshall Islands,MHL,2005,12.50873445
Marshall Islands,MHL,2010,12.06338901
Marshall Islands,MHL,2011,11.62965038
Marshall Islands,MHL,2012,11.41086389
Marshall Islands,MHL,2013,11.54343274
Marshall Islands,MHL,2014,11.92971051
Marshall Islands,MHL,2015,11.91659108
Mauritania,MRT,1990,96.79303315
Mauritania,MRT,1995,95.5356465
Mauritania,MRT,2000,94.98384277
Mauritania,MRT,2005,64.99106496
Mauritania,MRT,2010,74.37039219
Mauritania,MRT,2011,79.19338972
Mauritania,MRT,2012,79.45892935
Mauritania,MRT,2013,83.47879591
Mauritania,MRT,2014,82.94711207
Mauritania,MRT,2015,85.08515449
Mauritius,MUS,1990,17.82282668
Mauritius,MUS,1995,18.0492242
Mauritius,MUS,2000,18.12599683
Mauritius,MUS,2005,18.70750843
Mauritius,MUS,2010,13.63747442
Mauritius,MUS,2011,13.75478499
Mauritius,MUS,2012,14.00774073
Mauritius,MUS,2013,14.48532747
Mauritius,MUS,2014,14.61418025
Mauritius,MUS,2015,14.95404587
Mexico,MEX,1990,24.5987073
Mexico,MEX,1995,26.56755931
Mexico,MEX,2000,28.90617401
Mexico,MEX,2005,26.01751822
Mexico,MEX,2010,20.24403003
Mexico,MEX,2011,20.55218688
Mexico,MEX,2012,21.57759745
Mexico,MEX,2013,20.74051439
Mexico,MEX,2014,20.44662996
Mexico,MEX,2015,20.23982419
Micronesia (country),FSM,1990,9.45318073
Micronesia (country),FSM,1995,9.838668232
Micronesia (country),FSM,2000,9.559811103
Micronesia (country),FSM,2005,9.508991778
Micronesia (country),FSM,2010,7.210864185
Micronesia (country),FSM,2011,6.951472534
Micronesia (country),FSM,2012,7.040499092
Micronesia (country),FSM,2013,7.777837344
Micronesia (country),FSM,2014,7.267154147
Micronesia (country),FSM,2015,8.058593607
Middle East & North Africa,,1990,51.9509292176476
Middle East & North Africa,,1995,50.2080107351645
Middle East & North Africa,,2000,51.2979161703583
Middle East & North Africa,,2005,49.5950437622745
Middle East & North Africa,,2010,61.8840993638448
Middle East & North Africa,,2011,60.8805039771515
Middle East & North Africa,,2012,61.1452269819195
Middle East & North Africa,,2013,61.0279313012141
Middle East & North Africa,,2014,60.7047357815601
Middle East & North Africa,,2015,60.9878892209645
Middle East & North Africa (IDA & IBRD),,1990,50.05900337573
Middle East & North Africa (IDA & IBRD),,1995,48.2502832050017
Middle East & North Africa (IDA & IBRD),,2000,48.7297296065985
Middle East & North Africa (IDA & IBRD),,2005,46.7564577056153
Middle East & North Africa (IDA & IBRD),,2010,56.8807424054613
Middle East & North Africa (IDA & IBRD),,2011,55.6251620495094
Middle East & North Africa (IDA & IBRD),,2012,55.2662774587863
Middle East & North Africa (IDA & IBRD),,2013,56.1774787674708
Middle East & North Africa (IDA & IBRD),,2014,56.8510017331817
Middle East & North Africa (IDA & IBRD),,2015,58.168000361953
Middle East & North Africa (excluding high income),,1990,49.7763915132062
Middle East & North Africa (excluding high income),,1995,47.9461828969116
Middle East & North Africa (excluding high income),,2000,48.4001531954851
Middle East & North Africa (excluding high income),,2005,46.4279584323372
Middle East & North Africa (excluding high income),,2010,56.4415687557617
Middle East & North Africa (excluding high income),,2011,55.1902393373585
Middle East & North Africa (excluding high income),,2012,54.8315444504629
Middle East & North Africa (excluding high income),,2013,55.7352765191065
Middle East & North Africa (excluding high income),,2014,56.406910465758
Middle East & North Africa (excluding high income),,2015,57.7159697776993
Middle income,,1990,44.7995592261181
Middle income,,1995,44.7983228608578
Middle income,,2000,45.8761210314069
Middle income,,2005,47.8429699811786
Middle income,,2010,47.6331998347194
Middle income,,2011,47.3796048384077
Middle income,,2012,47.9137591782236
Middle income,,2013,48.6999151189264
Middle income,,2014,49.4264066767084
Middle income,,2015,50.2810937949221
Moldova,MDA,1990,36.32808997
Moldova,MDA,1995,26.32338046
Moldova,MDA,2000,21.99469699
Moldova,MDA,2005,18.60683421
Moldova,MDA,2010,20.73523235
Moldova,MDA,2011,21.13791114
Moldova,MDA,2012,21.03083613
Moldova,MDA,2013,20.76655481
Moldova,MDA,2014,20.66418945
Moldova,MDA,2015,20.5543623
Mongolia,MNG,1990,17.87769009
Mongolia,MNG,1995,16.12200652
Mongolia,MNG,2000,19.16057328
Mongolia,MNG,2005,18.44796593
Mongolia,MNG,2010,20.26620645
Mongolia,MNG,2011,20.33276672
Mongolia,MNG,2012,21.64073889
Mongolia,MNG,2013,22.17840935
Mongolia,MNG,2014,22.93014116
Mongolia,MNG,2015,23.59317989
Montenegro,MNE,1990,23.92523186
Montenegro,MNE,1995,19.73243016
Montenegro,MNE,2000,18.48868534
Montenegro,MNE,2005,17.23125088
Montenegro,MNE,2010,21.12891688
Montenegro,MNE,2011,21.05196721
Montenegro,MNE,2012,20.60699749
Montenegro,MNE,2013,21.80198912
Montenegro,MNE,2014,22.53063554
Montenegro,MNE,2015,23.35266451
Morocco,MAR,1990,22.30555369
Morocco,MAR,1995,21.95005159
Morocco,MAR,2000,21.71926621
Morocco,MAR,2005,21.34272111
Morocco,MAR,2010,19.77921702
Morocco,MAR,2011,18.99027151
Morocco,MAR,2012,18.69624536
Morocco,MAR,2013,19.963239
Morocco,MAR,2014,21.37583231
Morocco,MAR,2015,22.99104134
Mozambique,MOZ,1990,22.48645256
Mozambique,MOZ,1995,22.47802203
Mozambique,MOZ,2000,22.83011027
Mozambique,MOZ,2005,22.57308851
Mozambique,MOZ,2010,19.78419686
Mozambique,MOZ,2011,20.05463693
Mozambique,MOZ,2012,20.09680525
Mozambique,MOZ,2013,19.97027755
Mozambique,MOZ,2014,19.82030792
Mozambique,MOZ,2015,19.53856529
Myanmar,MMR,1990,43.70233318
Myanmar,MMR,1995,43.82090267
Myanmar,MMR,2000,44.2287147
Myanmar,MMR,2005,47.97633578
Myanmar,MMR,2010,45.83475784
Myanmar,MMR,2011,45.86618325
Myanmar,MMR,2012,48.24699239
Myanmar,MMR,2013,51.1050149
Myanmar,MMR,2014,52.44929971
Myanmar,MMR,2015,54.38812189
Namibia,NAM,1990,26.1050822
Namibia,NAM,1995,25.2361668
Namibia,NAM,2000,27.24717727
Namibia,NAM,2005,25.626632
Namibia,NAM,2010,22.85712891
Namibia,NAM,2011,22.74033593
Namibia,NAM,2012,22.81290125
Namibia,NAM,2013,21.88508035
Namibia,NAM,2014,21.79781899
Namibia,NAM,2015,21.44459626
Nepal,NPL,1990,56.23269265
Nepal,NPL,1995,57.11361079
Nepal,NPL,2000,56.26103336
Nepal,NPL,2005,60.33007887
Nepal,NPL,2010,62.82528597
Nepal,NPL,2011,63.42531062
Nepal,NPL,2012,64.84943732
Nepal,NPL,2013,70.56756508
Nepal,NPL,2014,71.87285903
Nepal,NPL,2015,74.99780697
Netherlands,NLD,1990,18.6755375
Netherlands,NLD,1995,16.97843335
Netherlands,NLD,2000,15.77620866
Netherlands,NLD,2005,15.22863719
Netherlands,NLD,2010,15.31200608
Netherlands,NLD,2011,15.32815145
Netherlands,NLD,2012,14.71174775
Netherlands,NLD,2013,14.85681167
Netherlands,NLD,2014,14.8193533
Netherlands,NLD,2015,14.63752206
New Zealand,NZL,1990,6.26120831
New Zealand,NZL,1995,6.25842797
New Zealand,NZL,2000,6.234678209
New Zealand,NZL,2005,6.09778713
New Zealand,NZL,2010,5.417376081
New Zealand,NZL,2011,5.407680071
New Zealand,NZL,2012,5.480345171
New Zealand,NZL,2013,5.454583943
New Zealand,NZL,2014,5.516300044
New Zealand,NZL,2015,5.546610811
Nicaragua,NIC,1990,33.35731846
Nicaragua,NIC,1995,33.18037992
Nicaragua,NIC,2000,34.37261799
Nicaragua,NIC,2005,32.15238718
Nicaragua,NIC,2010,22.83719911
Nicaragua,NIC,2011,25.23396016
Nicaragua,NIC,2012,28.76908764
Nicaragua,NIC,2013,29.27403914
Nicaragua,NIC,2014,28.24734132
Nicaragua,NIC,2015,27.3819724
Niger,NER,1990,131.8628475
Niger,NER,1995,130.8784276
Niger,NER,2000,128.5868795
Niger,NER,2005,112.1220277
Niger,NER,2010,115.7110887
Niger,NER,2011,118.0413822
Niger,NER,2012,102.7970275
Niger,NER,2013,83.43617384
Niger,NER,2014,71.8987133
Niger,NER,2015,62.74462018
Nigeria,NGA,1990,81.46503227
Nigeria,NGA,1995,77.89286596
Nigeria,NGA,2000,74.46911257
Nigeria,NGA,2005,59.9543648
Nigeria,NGA,2010,51.49055496
Nigeria,NGA,2011,53.32699384
Nigeria,NGA,2012,50.04470235
Nigeria,NGA,2013,46.3640407
Nigeria,NGA,2014,41.56874429
Nigeria,NGA,2015,37.95728931
North America,,1990,11.0351297267509
North America,,1995,10.5667516059501
North America,,2000,10.413904796866
North America,,2005,10.1938311933012
North America,,2010,8.48298594561279
North America,,2011,8.51952848237717
North America,,2012,8.53999460583202
North America,,2013,8.4066613977749
North America,,2014,8.37275890556145
North America,,2015,8.31441682231909
North Korea,PRK,1990,30.6986345
North Korea,PRK,1995,30.58115236
North Korea,PRK,2000,30.96057371
North Korea,PRK,2005,31.99747762
North Korea,PRK,2010,31.36987266
North Korea,PRK,2011,29.67117197
North Korea,PRK,2012,30.47143143
North Korea,PRK,2013,31.76718291
North Korea,PRK,2014,33.03288697
North Korea,PRK,2015,34.08883481
Northern Mariana Islands,MNP,1990,11.40842711
Northern Mariana Islands,MNP,1995,11.10545679
Northern Mariana Islands,MNP,2000,11.09447199
Northern Mariana Islands,MNP,2005,11.96434107
Northern Mariana Islands,MNP,2010,10.81357056
Northern Mariana Islands,MNP,2011,10.25166502
Northern Mariana Islands,MNP,2012,10.52560465
Northern Mariana Islands,MNP,2013,10.85885098
Northern Mariana Islands,MNP,2014,11.22076588
Northern Mariana Islands,MNP,2015,11.89636917
Norway,NOR,1990,10.56897159
Norway,NOR,1995,9.983466604
Norway,NOR,2000,9.578694148
Norway,NOR,2005,8.811774721
Norway,NOR,2010,8.939273026
Norway,NOR,2011,8.652098488
Norway,NOR,2012,8.573063903
Norway,NOR,2013,8.688303453
Norway,NOR,2014,8.875483039
Norway,NOR,2015,9.07633792
OECD members,,1990,17.4584645110788
OECD members,,1995,16.1601666798232
OECD members,,2000,15.7737777548151
OECD members,,2005,15.1563994085663
OECD members,,2010,14.4218310499154
OECD members,,2011,14.2808869808249
OECD members,,2012,14.2435293066555
OECD members,,2013,14.5670102113374
OECD members,,2014,14.8719878139467
OECD members,,2015,15.1763424998101
Oman,OMN,1990,65.69245776
Oman,OMN,1995,65.11932304
Oman,OMN,2000,66.1496464
Oman,OMN,2005,57.3054773
Oman,OMN,2010,55.28050192
Oman,OMN,2011,57.03160813
Oman,OMN,2012,59.66789327
Oman,OMN,2013,57.40360315
Oman,OMN,2014,55.16104736
Oman,OMN,2015,53.28119972
Other small states,,1990,31.376230238793
Other small states,,1995,31.3809760929135
Other small states,,2000,32.9565201223236
Other small states,,2005,30.5706069691555
Other small states,,2010,35.2720758812841
Other small states,,2011,35.2890163654349
Other small states,,2012,36.4617959257346
Other small states,,2013,36.7111125023501
Other small states,,2014,36.2043763962511
Other small states,,2015,36.4810696037521
Pacific island small states,,1990,7.88746101350515
Pacific island small states,,1995,8.01554199923828
Pacific island small states,,2000,7.99265319728346
Pacific island small states,,2005,8.5566416650623
Pacific island small states,,2010,6.29007276741508
Pacific island small states,,2011,6.12431174812641
Pacific island small states,,2012,6.31853493239849
Pacific island small states,,2013,6.74809503048058
Pacific island small states,,2014,6.52445236895958
Pacific island small states,,2015,6.98690067087541
Pakistan,PAK,1990,67.96803034
Pakistan,PAK,1995,67.31833036
Pakistan,PAK,2000,69.59438048
Pakistan,PAK,2005,63.87646024
Pakistan,PAK,2010,61.4352519
Pakistan,PAK,2011,63.65615362
Pakistan,PAK,2012,63.33179486
Pakistan,PAK,2013,64.32483882
Pakistan,PAK,2014,64.27980551
Pakistan,PAK,2015,64.95375677
Palestine,PSE,1990,17.50073816
Palestine,PSE,1995,16.9245575
Palestine,PSE,2000,17.04205406
Palestine,PSE,2005,16.42383925
Palestine,PSE,2010,18.20988627
Palestine,PSE,2011,17.7682129
Palestine,PSE,2012,17.86181344
Palestine,PSE,2013,18.56557294
Palestine,PSE,2014,19.51375876
Palestine,PSE,2015,20.60740486
Panama,PAN,1990,15.91794414
Panama,PAN,1995,15.5054988
Panama,PAN,2000,16.300258
Panama,PAN,2005,14.13570391
Panama,PAN,2010,10.21139384
Panama,PAN,2011,10.43768676
Panama,PAN,2012,11.04324562
Panama,PAN,2013,12.3297075
Panama,PAN,2014,12.28873475
Panama,PAN,2015,13.19621425
Papua New Guinea,PNG,1990,15.08036423
Papua New Guinea,PNG,1995,15.088261
Papua New Guinea,PNG,2000,15.81178177
Papua New Guinea,PNG,2005,13.75353959
Papua New Guinea,PNG,2010,11.53065949
Papua New Guinea,PNG,2011,13.01693625
Papua New Guinea,PNG,2012,13.82193084
Papua New Guinea,PNG,2013,14.37039306
Papua New Guinea,PNG,2014,14.00465877
Papua New Guinea,PNG,2015,13.85807071
Paraguay,PRY,1990,22.43909602
Paraguay,PRY,1995,23.04140193
Paraguay,PRY,2000,22.99004727
Paraguay,PRY,2005,23.33701693
Paraguay,PRY,2010,17.48071848
Paraguay,PRY,2011,18.24905699
Paraguay,PRY,2012,16.33564052
Paraguay,PRY,2013,16.17969819
Paraguay,PRY,2014,15.30114462
Paraguay,PRY,2015,14.853318
Peru,PER,1990,27.54731821
Peru,PER,1995,31.71633147
Peru,PER,2000,35.44074464
Peru,PER,2005,41.01236026
Peru,PER,2010,27.81107988
Peru,PER,2011,29.95468034
Peru,PER,2012,29.54095796
Peru,PER,2013,29.42035375
Peru,PER,2014,28.41137653
Peru,PER,2015,27.8233501
Philippines,PHL,1990,24.42091125
Philippines,PHL,1995,24.50291603
Philippines,PHL,2000,25.22602241
Philippines,PHL,2005,28.04409122
Philippines,PHL,2010,23.54847286
Philippines,PHL,2011,23.55810712
Philippines,PHL,2012,23.28472423
Philippines,PHL,2013,23.94319453
Philippines,PHL,2014,23.5015133
Philippines,PHL,2015,23.48713422
Poland,POL,1990,45.53967676
Poland,POL,1995,32.88098618
Poland,POL,2000,26.31275504
Poland,POL,2005,25.14018606
Poland,POL,2010,27.45652408
Poland,POL,2011,26.96348745
Poland,POL,2012,24.37963541
Poland,POL,2013,24.69330345
Poland,POL,2014,24.80509571
Poland,POL,2015,24.28187517
Portugal,PRT,1990,9.883977844
Portugal,PRT,1995,9.736873816
Portugal,PRT,2000,9.672494205
Portugal,PRT,2005,9.927760688
Portugal,PRT,2010,9.493221426
Portugal,PRT,2011,9.362022584
Portugal,PRT,2012,9.422271123
Portugal,PRT,2013,9.415763548
Portugal,PRT,2014,9.646636615
Portugal,PRT,2015,9.760644322
Post-demographic dividend,,1990,16.2663391001717
Post-demographic dividend,,1995,14.4486590263182
Post-demographic dividend,,2000,13.5978442017135
Post-demographic dividend,,2005,13.1082260477419
Post-demographic dividend,,2010,12.4287880358029
Post-demographic dividend,,2011,12.2375995930588
Post-demographic dividend,,2012,12.2621643282435
Post-demographic dividend,,2013,12.5431636542255
Post-demographic dividend,,2014,12.807476637217
Post-demographic dividend,,2015,13.0785536410612
Pre-demographic dividend,,1990,53.8890928023563
Pre-demographic dividend,,1995,52.720147541716
Pre-demographic dividend,,2000,52.1968564766025
Pre-demographic dividend,,2005,45.3672368554402
Pre-demographic dividend,,2010,44.3171931625997
Pre-demographic dividend,,2011,45.9522808968083
Pre-demographic dividend,,2012,45.1378072786383
Pre-demographic dividend,,2013,42.7257882785582
Pre-demographic dividend,,2014,40.259280651191
Pre-demographic dividend,,2015,38.2550544889119
Puerto Rico,PRI,1990,19.28080861
Puerto Rico,PRI,1995,19.09505955
Puerto Rico,PRI,2000,25.27062347
Puerto Rico,PRI,2005,19.14956554
Puerto Rico,PRI,2010,17.35901029
Puerto Rico,PRI,2011,14.54164833
Puerto Rico,PRI,2012,19.26466145
Puerto Rico,PRI,2013,20.04350638
Puerto Rico,PRI,2014,15.99021676
Puerto Rico,PRI,2015,17.84794151
Qatar,QAT,1990,107.8546334
Qatar,QAT,1995,105.5053241
Qatar,QAT,2000,105.6448713
Qatar,QAT,2005,102.5636164
Qatar,QAT,2010,121.9233238
Qatar,QAT,2011,112.0979824
Qatar,QAT,2012,120.3856139
Qatar,QAT,2013,115.6032858
Qatar,QAT,2014,107.2304966
Qatar,QAT,2015,107.3089368
Romania,ROU,1990,33.02637946
Romania,ROU,1995,24.56723922
Romania,ROU,2000,21.16136449
Romania,ROU,2005,17.33271578
Romania,ROU,2010,20.26638418
Romania,ROU,2011,20.04427641
Romania,ROU,2012,19.14829605
Romania,ROU,2013,19.09981128
Romania,ROU,2014,19.43552428
Romania,ROU,2015,19.57866345
Russia,RUS,1990,22.10292837
Russia,RUS,1995,16.7950098
Russia,RUS,2000,15.32830162
Russia,RUS,2005,15.01957972
Russia,RUS,2010,16.61893771
Russia,RUS,2011,16.06101824
Russia,RUS,2012,15.47182243
Russia,RUS,2013,16.00776317
Russia,RUS,2014,16.25309454
Russia,RUS,2015,16.63374961
Rwanda,RWA,1990,52.91104181
Rwanda,RWA,1995,53.11099248
Rwanda,RWA,2000,53.74521954
Rwanda,RWA,2005,48.68999583
Rwanda,RWA,2010,44.42371899
Rwanda,RWA,2011,49.16258942
Rwanda,RWA,2012,52.83209046
Rwanda,RWA,2013,53.80575734
Rwanda,RWA,2014,51.90882253
Rwanda,RWA,2015,49.71362154
Saint Lucia,LCA,1990,19.08846037
Saint Lucia,LCA,1995,19.15039293
Saint Lucia,LCA,2000,19.44802973
Saint Lucia,LCA,2005,16.97655007
Saint Lucia,LCA,2010,14.36179792
Saint Lucia,LCA,2011,14.40420799
Saint Lucia,LCA,2012,14.79109908
Saint Lucia,LCA,2013,14.85330826
Saint Lucia,LCA,2014,14.33470058
Saint Lucia,LCA,2015,14.00929929
Saint Vincent and the Grenadines,VCT,1990,19.17315239
Saint Vincent and the Grenadines,VCT,1995,19.45900561
Saint Vincent and the Grenadines,VCT,2000,19.25655406
Saint Vincent and the Grenadines,VCT,2005,16.53352661
Saint Vincent and the Grenadines,VCT,2010,13.71523811
Saint Vincent and the Grenadines,VCT,2011,13.87441507
Saint Vincent and the Grenadines,VCT,2012,14.00961444
Saint Vincent and the Grenadines,VCT,2013,14.46733089
Saint Vincent and the Grenadines,VCT,2014,14.38980801
Saint Vincent and the Grenadines,VCT,2015,14.25163381
Samoa,WSM,1990,4.352493321
Samoa,WSM,1995,4.357203583
Samoa,WSM,2000,4.382477465
Samoa,WSM,2005,4.401894172
Samoa,WSM,2010,3.43679189
Samoa,WSM,2011,3.328331706
Samoa,WSM,2012,3.402011158
Samoa,WSM,2013,3.523564605
Samoa,WSM,2014,3.675986518
Samoa,WSM,2015,3.807434895
Sao Tome and Principe,STP,1990,15.88214197
Sao Tome and Principe,STP,1995,15.91792049
Sao Tome and Principe,STP,2000,15.9390288
Sao Tome and Principe,STP,2005,15.70650167
Sao Tome and Principe,STP,2010,13.26901676
Sao Tome and Principe,STP,2011,12.85192383
Sao Tome and Principe,STP,2012,13.23055431
Sao Tome and Principe,STP,2013,13.37334295
Sao Tome and Principe,STP,2014,13.52002205
Sao Tome and Principe,STP,2015,13.88673949
Saudi Arabia,SAU,1990,85.07410559
Saudi Arabia,SAU,1995,83.59233911
Saudi Arabia,SAU,2000,92.91276008
Saudi Arabia,SAU,2005,92.63566227
Saudi Arabia,SAU,2010,129.684429
Saudi Arabia,SAU,2011,130.5685793
Saudi Arabia,SAU,2012,135.5539629
Saudi Arabia,SAU,2013,125.7091594
Saudi Arabia,SAU,2014,115.8722779
Saudi Arabia,SAU,2015,106.1617369
Senegal,SEN,1990,41.65390673
Senegal,SEN,1995,41.53854649
Senegal,SEN,2000,41.08928332
Senegal,SEN,2005,29.16028095
Senegal,SEN,2010,31.98207601
Senegal,SEN,2011,33.1630803
Senegal,SEN,2012,33.45035793
Senegal,SEN,2013,36.04783508
Senegal,SEN,2014,35.95564574
Senegal,SEN,2015,37.57020675
Serbia,SRB,1990,25.35486021
Serbia,SRB,1995,20.02252424
Serbia,SRB,2000,19.64217277
Serbia,SRB,2005,17.01984292
Serbia,SRB,2010,20.065764
Serbia,SRB,2011,19.71190016
Serbia,SRB,2012,19.22166344
Serbia,SRB,2013,19.86840969
Serbia,SRB,2014,20.626713
Serbia,SRB,2015,21.43664968
Seychelles,SYC,1990,19.67011674
Seychelles,SYC,1995,19.24394903
Seychelles,SYC,2000,19.19024452
Seychelles,SYC,2005,19.87310249
Seychelles,SYC,2010,15.85956686
Seychelles,SYC,2011,16.08787201
Seychelles,SYC,2012,15.69548931
Seychelles,SYC,2013,15.29388678
Seychelles,SYC,2014,14.23870465
Seychelles,SYC,2015,13.21491539
Sierra Leone,SLE,1990,25.93098861
Sierra Leone,SLE,1995,25.62385208
Sierra Leone,SLE,2000,25.71070039
Sierra Leone,SLE,2005,22.26966599
Sierra Leone,SLE,2010,25.32717927
Sierra Leone,SLE,2011,27.33857351
Sierra Leone,SLE,2012,27.33178726
Sierra Leone,SLE,2013,25.08915609
Sierra Leone,SLE,2014,22.11248767
Sierra Leone,SLE,2015,19.29960911
Singapore,SGP,1990,18.61227496
Singapore,SGP,1995,18.91690996
Singapore,SGP,2000,19.17276677
Singapore,SGP,2005,26.71651782
Singapore,SGP,2010,18.34036809
Singapore,SGP,2011,17.8787401
Singapore,SGP,2012,18.30800517
Singapore,SGP,2013,18.92521736
Singapore,SGP,2014,18.0980605
Singapore,SGP,2015,18.73785053
Slovakia,SVK,1990,35.4978689
Slovakia,SVK,1995,26.1027634
Slovakia,SVK,2000,21.65568172
Slovakia,SVK,2005,20.11395252
Slovakia,SVK,2010,20.30102663
Slovakia,SVK,2011,19.50988629
Slovakia,SVK,2012,18.89444644
Slovakia,SVK,2013,19.02211439
Slovakia,SVK,2014,19.76513025
Slovakia,SVK,2015,20.52367065
Slovenia,SVN,1990,24.57792138
Slovenia,SVN,1995,19.70773402
Slovenia,SVN,2000,16.7514591
Slovenia,SVN,2005,16.64573194
Slovenia,SVN,2010,15.8317535
Slovenia,SVN,2011,15.1509698
Slovenia,SVN,2012,15.82938019
Slovenia,SVN,2013,17.21888038
Slovenia,SVN,2014,18.74940754
Slovenia,SVN,2015,20.3499567
Small states,,1990,27.5224945881263
Small states,,1995,27.5871164480219
Small states,,2000,28.8266253388433
Small states,,2005,26.594240236175
Small states,,2010,29.3143200034714
Small states,,2011,29.5271878100836
Small states,,2012,30.6695003679801
Small states,,2013,31.124690125172
Small states,,2014,30.7582736196506
Small states,,2015,31.0695844903818
Solomon Islands,SLB,1990,7.261605932
Solomon Islands,SLB,1995,7.303575131
Solomon Islands,SLB,2000,7.209289957
Solomon Islands,SLB,2005,8.378956894
Solomon Islands,SLB,2010,5.935660007
Solomon Islands,SLB,2011,5.756667894
Solomon Islands,SLB,2012,5.888301937
Solomon Islands,SLB,2013,6.292036286
Solomon Islands,SLB,2014,6.175357034
Solomon Islands,SLB,2015,6.579329957
Somalia,SOM,1990,21.73599299
Somalia,SOM,1995,21.37474283
Somalia,SOM,2000,22.45903897
Somalia,SOM,2005,19.49512131
Somalia,SOM,2010,19.6777248
Somalia,SOM,2011,20.40024523
Somalia,SOM,2012,20.73791133
Somalia,SOM,2013,20.31408253
Somalia,SOM,2014,20.02949885
Somalia,SOM,2015,19.83625362
South Africa,ZAF,1990,34.89130208
South Africa,ZAF,1995,35.92046026
South Africa,ZAF,2000,37.03792007
South Africa,ZAF,2005,35.85010894
South Africa,ZAF,2010,29.74660453
South Africa,ZAF,2011,29.44541894
South Africa,ZAF,2012,29.1653805
South Africa,ZAF,2013,29.113548
South Africa,ZAF,2014,29.43778161
South Africa,ZAF,2015,29.6286252
South Asia,,1990,60.5001022270821
South Asia,,1995,61.0806264143907
South Asia,,2000,62.0801727148859
South Asia,,2005,65.9345529225796
South Asia,,2010,65.1081722043494
South Asia,,2011,64.8808451035846
South Asia,,2012,66.5639991712301
South Asia,,2013,69.446013376354
South Asia,,2014,71.2883808391378
South Asia,,2015,73.6291395685183
South Asia (IDA & IBRD),,1990,60.5001022270821
South Asia (IDA & IBRD),,1995,61.0806264143907
South Asia (IDA & IBRD),,2000,62.0801727148859
South Asia (IDA & IBRD),,2005,65.9345529225796
South Asia (IDA & IBRD),,2010,65.1081722043494
South Asia (IDA & IBRD),,2011,64.8808451035846
South Asia (IDA & IBRD),,2012,66.5639991712301
South Asia (IDA & IBRD),,2013,69.446013376354
South Asia (IDA & IBRD),,2014,71.2883808391378
South Asia (IDA & IBRD),,2015,73.6291395685183
South Korea,KOR,1990,25.55577054
South Korea,KOR,1995,25.67516194
South Korea,KOR,2000,25.77766471
South Korea,KOR,2005,25.97494325
South Korea,KOR,2010,25.17929851
South Korea,KOR,2011,23.81396861
South Korea,KOR,2012,24.93615507
South Korea,KOR,2013,26.10631611
South Korea,KOR,2014,27.51764649
South Korea,KOR,2015,28.66424214
South Sudan,SSD,1990,41.88855965
South Sudan,SSD,1995,41.9972222
South Sudan,SSD,2000,42.66622268
South Sudan,SSD,2005,34.67819553
South Sudan,SSD,2010,36.05253667
South Sudan,SSD,2011,36.88641227
South Sudan,SSD,2012,38.31856543
South Sudan,SSD,2013,35.37149581
South Sudan,SSD,2014,33.95689759
South Sudan,SSD,2015,32.43740893
Spain,ESP,1990,10.37338426
Spain,ESP,1995,10.16179766
Spain,ESP,2000,10.06732195
Spain,ESP,2005,9.947261956
Spain,ESP,2010,9.691342999
Spain,ESP,2011,9.740315952
Spain,ESP,2012,9.772324484
Spain,ESP,2013,9.759581679
Spain,ESP,2014,9.751187601
Spain,ESP,2015,9.738283342
Sri Lanka,LKA,1990,29.9307486
Sri Lanka,LKA,1995,29.93270948
Sri Lanka,LKA,2000,30.71722048
Sri Lanka,LKA,2005,30.41385172
Sri Lanka,LKA,2010,26.85367452
Sri Lanka,LKA,2011,27.10590215
Sri Lanka,LKA,2012,27.96518221
Sri Lanka,LKA,2013,28.14849492
Sri Lanka,LKA,2014,27.96620125
Sri Lanka,LKA,2015,27.92362221
Sub-Saharan Africa,,1990,49.389417941616
Sub-Saharan Africa,,1995,48.5730814609592
Sub-Saharan Africa,,2000,48.2253937749217
Sub-Saharan Africa,,2005,42.0396527894188
Sub-Saharan Africa,,2010,39.6939990687887
Sub-Saharan Africa,,2011,41.5261800830634
Sub-Saharan Africa,,2012,41.2103507991046
Sub-Saharan Africa,,2013,39.4238641506729
Sub-Saharan Africa,,2014,37.5890285198257
Sub-Saharan Africa,,2015,36.0278803004695
Sub-Saharan Africa (IDA & IBRD),,1990,49.3894179416159
Sub-Saharan Africa (IDA & IBRD),,1995,48.5730814609592
Sub-Saharan Africa (IDA & IBRD),,2000,48.2253937749217
Sub-Saharan Africa (IDA & IBRD),,2005,42.0396527894188
Sub-Saharan Africa (IDA & IBRD),,2010,39.6939990687887
Sub-Saharan Africa (IDA & IBRD),,2011,41.5261800830634
Sub-Saharan Africa (IDA & IBRD),,2012,41.2103507991046
Sub-Saharan Africa (IDA & IBRD),,2013,39.4238641506729
Sub-Saharan Africa (IDA & IBRD),,2014,37.5890285198257
Sub-Saharan Africa (IDA & IBRD),,2015,36.0278803004695
Sub-Saharan Africa (excluding high income),,1990,49.3934577139991
Sub-Saharan Africa (excluding high income),,1995,48.5768456963445
Sub-Saharan Africa (excluding high income),,2000,48.2289110518907
Sub-Saharan Africa (excluding high income),,2005,42.0420543520369
Sub-Saharan Africa (excluding high income),,2010,39.6964389542594
Sub-Saharan Africa (excluding high income),,2011,41.5286478324405
Sub-Saharan Africa (excluding high income),,2012,41.2127947100597
Sub-Saharan Africa (excluding high income),,2013,39.4261547902641
Sub-Saharan Africa (excluding high income),,2014,37.5912192050102
Sub-Saharan Africa (excluding high income),,2015,36.0300101221868
Sudan,SDN,1990,57.34987476
Sudan,SDN,1995,57.34288923
Sudan,SDN,2000,57.13961652
Sudan,SDN,2005,55.47293842
Sudan,SDN,2010,56.2293953
Sudan,SDN,2011,57.41440013
Sudan,SDN,2012,58.81493819
Sudan,SDN,2013,54.75282801
Sudan,SDN,2014,52.4613465
Sudan,SDN,2015,50.04764327
Suriname,SUR,1990,28.09052685
Suriname,SUR,1995,28.4493405
Suriname,SUR,2000,28.37746754
Suriname,SUR,2005,17.45827413
Suriname,SUR,2010,14.97340567
Suriname,SUR,2011,17.31935325
Suriname,SUR,2012,18.76837887
Suriname,SUR,2013,20.0391847
Suriname,SUR,2014,19.25716093
Suriname,SUR,2015,18.47176015
Swaziland,SWZ,1990,26.28530318
Swaziland,SWZ,1995,26.63700172
Swaziland,SWZ,2000,27.67481028
Swaziland,SWZ,2005,26.47072414
Swaziland,SWZ,2010,22.30149211
Swaziland,SWZ,2011,21.98468072
Swaziland,SWZ,2012,21.85809882
Swaziland,SWZ,2013,21.52643672
Swaziland,SWZ,2014,21.65751713
Swaziland,SWZ,2015,21.60860671
Sweden,SWE,1990,6.534100282
Sweden,SWE,1995,6.141198517
Sweden,SWE,2000,5.918966093
Sweden,SWE,2005,5.386457219
Sweden,SWE,2010,5.439519683
Sweden,SWE,2011,5.286282462
Sweden,SWE,2012,5.164744765
Sweden,SWE,2013,5.578642747
Sweden,SWE,2014,5.860588073
Sweden,SWE,2015,6.241379908
Switzerland,CHE,1990,13.28036811
Switzerland,CHE,1995,12.11418991
Switzerland,CHE,2000,11.27034445
Switzerland,CHE,2005,10.9720765
Switzerland,CHE,2010,11.05498294
Switzerland,CHE,2011,11.14726196
Switzerland,CHE,2012,11.23406913
Switzerland,CHE,2013,12.09228379
Switzerland,CHE,2014,12.37209228
Switzerland,CHE,2015,12.89019363
Syria,SYR,1990,34.05828754
Syria,SYR,1995,32.5675528
Syria,SYR,2000,32.38165925
Syria,SYR,2005,31.19540479
Syria,SYR,2010,41.20963858
Syria,SYR,2011,38.2568277
Syria,SYR,2012,37.58778455
Syria,SYR,2013,38.44399394
Syria,SYR,2014,39.87796922
Syria,SYR,2015,41.56628282
Tajikistan,TJK,1990,74.0932589
Tajikistan,TJK,1995,61.93047106
Tajikistan,TJK,2000,62.68557131
Tajikistan,TJK,2005,44.59026932
Tajikistan,TJK,2010,49.14688896
Tajikistan,TJK,2011,48.25457778
Tajikistan,TJK,2012,49.42019407
Tajikistan,TJK,2013,47.85776126
Tajikistan,TJK,2014,50.26626445
Tajikistan,TJK,2015,50.02908375
Tanzania,TZA,1990,21.01731878
Tanzania,TZA,1995,21.27555788
Tanzania,TZA,2000,22.3307224
Tanzania,TZA,2005,21.19967195
Tanzania,TZA,2010,20.97758391
Tanzania,TZA,2011,22.26841473
Tanzania,TZA,2012,23.43379388
Tanzania,TZA,2013,23.71618037
Tanzania,TZA,2014,23.46443391
Tanzania,TZA,2015,23.3161196
Thailand,THA,1990,23.54755358
Thailand,THA,1995,23.73444347
Thailand,THA,2000,23.83641492
Thailand,THA,2005,24.82432084
Thailand,THA,2010,22.4831196
Thailand,THA,2011,22.96999021
Thailand,THA,2012,23.91713546
Thailand,THA,2013,25.06966768
Thailand,THA,2014,25.50889131
Thailand,THA,2015,26.35272294
Timor,TLS,1990,19.69472194
Timor,TLS,1995,19.72161455
Timor,TLS,2000,20.2650325
Timor,TLS,2005,20.03113402
Timor,TLS,2010,18.98310519
Timor,TLS,2011,18.57302387
Timor,TLS,2012,18.80759594
Timor,TLS,2013,19.07008493
Timor,TLS,2014,18.84312794
Timor,TLS,2015,18.89846158
Togo,TGO,1990,56.13023222
Togo,TGO,1995,54.70260434
Togo,TGO,2000,54.17402175
Togo,TGO,2005,41.04037681
Togo,TGO,2010,38.93953654
Togo,TGO,2011,42.2918872
Togo,TGO,2012,42.56605449
Togo,TGO,2013,38.578161
Togo,TGO,2014,35.46667226
Togo,TGO,2015,32.67724465
Tonga,TON,1990,4.923351204
Tonga,TON,1995,4.879952569
Tonga,TON,2000,4.912410469
Tonga,TON,2005,4.921047413
Tonga,TON,2010,3.860327773
Tonga,TON,2011,3.8447872
Tonga,TON,2012,3.941637049
Tonga,TON,2013,3.958598911
Tonga,TON,2014,4.00741979
Tonga,TON,2015,4.025835246
Trinidad and Tobago,TTO,1990,19.51321399
Trinidad and Tobago,TTO,1995,19.27430589
Trinidad and Tobago,TTO,2000,19.36819898
Trinidad and Tobago,TTO,2005,14.96919491
Trinidad and Tobago,TTO,2010,12.30940653
Trinidad and Tobago,TTO,2011,12.3866188
Trinidad and Tobago,TTO,2012,12.57351404
Trinidad and Tobago,TTO,2013,13.45339432
Trinidad and Tobago,TTO,2014,13.6742168
Trinidad and Tobago,TTO,2015,14.19016577
Tunisia,TUN,1990,37.8297061
Tunisia,TUN,1995,36.45532294
Tunisia,TUN,2000,35.63074866
Tunisia,TUN,2005,28.42592133
Tunisia,TUN,2010,35.46951134
Tunisia,TUN,2011,34.06860937
Tunisia,TUN,2012,33.5848041
Tunisia,TUN,2013,35.8733935
Tunisia,TUN,2014,39.94465035
Tunisia,TUN,2015,44.79266297
Turkey,TUR,1990,32.80233204
Turkey,TUR,1995,29.33544879
Turkey,TUR,2000,30.20196812
Turkey,TUR,2005,27.72502235
Turkey,TUR,2010,32.58038949
Turkey,TUR,2011,32.17541917
Turkey,TUR,2012,30.32573179
Turkey,TUR,2013,33.05244142
Turkey,TUR,2014,34.71083264
Turkey,TUR,2015,36.40911573
Turkmenistan,TKM,1990,37.85805304
Turkmenistan,TKM,1995,34.74833266
Turkmenistan,TKM,2000,35.16615995
Turkmenistan,TKM,2005,20.7456506
Turkmenistan,TKM,2010,29.71419456
Turkmenistan,TKM,2011,27.37161185
Turkmenistan,TKM,2012,27.91993298
Turkmenistan,TKM,2013,28.34641859
Turkmenistan,TKM,2014,30.01445488
Turkmenistan,TKM,2015,31.29449247
Uganda,UGA,1990,60.63601591
Uganda,UGA,1995,61.24255898
Uganda,UGA,2000,60.33844316
Uganda,UGA,2005,55.87116702
Uganda,UGA,2010,52.93622077
Uganda,UGA,2011,58.3384383
Uganda,UGA,2012,62.15583877
Uganda,UGA,2013,62.35162135
Uganda,UGA,2014,61.38177704
Uganda,UGA,2015,60.30064052
Ukraine,UKR,1990,33.30634971
Ukraine,UKR,1995,23.7170585
Ukraine,UKR,2000,20.10004293
Ukraine,UKR,2005,17.52994525
Ukraine,UKR,2010,19.26267236
Ukraine,UKR,2011,18.88916722
Ukraine,UKR,2012,18.624524
Ukraine,UKR,2013,18.5239988
Ukraine,UKR,2014,18.77806422
Ukraine,UKR,2015,18.87843558
United Arab Emirates,ARE,1990,75.60654903
United Arab Emirates,ARE,1995,74.50524872
United Arab Emirates,ARE,2000,75.56362831
United Arab Emirates,ARE,2005,67.24063338
United Arab Emirates,ARE,2010,74.11933045
United Arab Emirates,ARE,2011,73.16350199
United Arab Emirates,ARE,2012,74.99061583
United Arab Emirates,ARE,2013,70.85059428
United Arab Emirates,ARE,2014,67.17545852
United Arab Emirates,ARE,2015,64.29012818
United Kingdom,GBR,1990,14.8338868
United Kingdom,GBR,1995,13.79293918
United Kingdom,GBR,2000,12.97541858
United Kingdom,GBR,2005,12.30739893
United Kingdom,GBR,2010,12.09171915
United Kingdom,GBR,2011,12.09436562
United Kingdom,GBR,2012,12.32575825
United Kingdom,GBR,2013,12.28951512
United Kingdom,GBR,2014,12.36645562
United Kingdom,GBR,2015,12.41225066
United States,USA,1990,11.37562552
United States,USA,1995,10.87358754
United States,USA,2000,10.69614995
United States,USA,2005,10.42095153
United States,USA,2010,8.612684033
United States,USA,2011,8.645929285
United States,USA,2012,8.672523993
United States,USA,2013,8.527836686
United States,USA,2014,8.498542509
United States,USA,2015,8.441199408
United States Virgin Islands,VIR,1990,18.55936248
United States Virgin Islands,VIR,1995,18.69919596
United States Virgin Islands,VIR,2000,20.5417515
United States Virgin Islands,VIR,2005,17.58792998
United States Virgin Islands,VIR,2010,15.41223416
United States Virgin Islands,VIR,2011,14.19256041
United States Virgin Islands,VIR,2012,16.59343704
United States Virgin Islands,VIR,2013,17.28896178
United States Virgin Islands,VIR,2014,15.13509678
United States Virgin Islands,VIR,2015,16.34224251
Upper middle income,,1990,38.5456021433629
Upper middle income,,1995,38.4742649241244
Upper middle income,,2000,39.7627092621227
Upper middle income,,2005,41.7910629700961
Upper middle income,,2010,42.3518531456014
Upper middle income,,2011,41.6926049513305
Upper middle income,,2012,41.6473258285118
Upper middle income,,2013,41.405232785623
Upper middle income,,2014,41.901786755073
Upper middle income,,2015,42.1589461840891
Uruguay,URY,1990,13.02923011
Uruguay,URY,1995,13.10184667
Uruguay,URY,2000,13.34609428
Uruguay,URY,2005,11.90038618
Uruguay,URY,2010,11.79822738
Uruguay,URY,2011,11.71212643
Uruguay,URY,2012,11.7851818
Uruguay,URY,2013,11.51587296
Uruguay,URY,2014,11.55973144
Uruguay,URY,2015,11.48844431
Uzbekistan,UZB,1990,50.81570327
Uzbekistan,UZB,1995,43.000922
Uzbekistan,UZB,2000,40.03542658
Uzbekistan,UZB,2005,32.90754344
Uzbekistan,UZB,2010,37.17892285
Uzbekistan,UZB,2011,36.02108436
Uzbekistan,UZB,2012,37.2633721
Uzbekistan,UZB,2013,37.03105241
Uzbekistan,UZB,2014,38.86930487
Uzbekistan,UZB,2015,39.67064264
Vanuatu,VUT,1990,10.2628659
Vanuatu,VUT,1995,10.50312319
Vanuatu,VUT,2000,10.3989398
Vanuatu,VUT,2005,11.05325636
Vanuatu,VUT,2010,7.823974124
Vanuatu,VUT,2011,7.539335132
Vanuatu,VUT,2012,7.807014151
Vanuatu,VUT,2013,8.374241513
Vanuatu,VUT,2014,7.894044215
Vanuatu,VUT,2015,8.52410314
Venezuela,VEN,1990,32.38785939
Venezuela,VEN,1995,29.05616713
Venezuela,VEN,2000,32.56406277
Venezuela,VEN,2005,28.83724613
Venezuela,VEN,2010,22.70146132
Venezuela,VEN,2011,24.06834584
Venezuela,VEN,2012,23.72396269
Venezuela,VEN,2013,24.72625968
Venezuela,VEN,2014,23.70766924
Venezuela,VEN,2015,23.75584614
Vietnam,VNM,1990,26.76173797
Vietnam,VNM,1995,26.96365789
Vietnam,VNM,2000,27.10273002
Vietnam,VNM,2005,29.26508763
Vietnam,VNM,2010,26.74200298
Vietnam,VNM,2011,27.2174201
Vietnam,VNM,2012,27.40096879
Vietnam,VNM,2013,27.82269556
Vietnam,VNM,2014,27.98099513
Vietnam,VNM,2015,28.2516555
World,OWID_WRL,1990,39.5711693998934
World,OWID_WRL,1995,39.5078895948388
World,OWID_WRL,2000,40.4566988796731
World,OWID_WRL,2005,41.7775274052088
World,OWID_WRL,2010,41.8419155432445
World,OWID_WRL,2011,41.8245862718547
World,OWID_WRL,2012,42.3886306211725
World,OWID_WRL,2013,42.8617211254577
World,OWID_WRL,2014,43.40328926505
World,OWID_WRL,2015,43.9838960780981
Yemen,YEM,1990,53.81038446
Yemen,YEM,1995,53.60163019
Yemen,YEM,2000,54.69014226
Yemen,YEM,2005,43.3594004
Yemen,YEM,2010,50.77816167
Yemen,YEM,2011,55.45163692
Yemen,YEM,2012,62.52082537
Yemen,YEM,2013,59.29191402
Yemen,YEM,2014,55.86922535
Yemen,YEM,2015,52.8289507
Zambia,ZMB,1990,32.40167606
Zambia,ZMB,1995,30.61432777
Zambia,ZMB,2000,30.88282852
Zambia,ZMB,2005,28.33716731
Zambia,ZMB,2010,26.54120291
Zambia,ZMB,2011,27.37494104
Zambia,ZMB,2012,27.87280634
Zambia,ZMB,2013,27.60718919
Zambia,ZMB,2014,27.16620177
Zambia,ZMB,2015,26.74664908
Zimbabwe,ZWE,1990,26.43571984
Zimbabwe,ZWE,1995,24.93033877
Zimbabwe,ZWE,2000,25.25154114
Zimbabwe,ZWE,2005,25.48018572
Zimbabwe,ZWE,2010,22.56324999
Zimbabwe,ZWE,2011,23.51667545
Zimbabwe,ZWE,2012,23.44662846
Zimbabwe,ZWE,2013,23.55056098
Zimbabwe,ZWE,2014,23.06220603
Zimbabwe,ZWE,2015,22.86952366